GEOID,locality,region,year,group,total_children_in_care,fc_count_group,population_count_group,fc_per_bygroup,fc_per_byallfc,fc_rate_bygroup,fc_rate_byallfc
51003,Albemarle,Piedmont,2014,all,115,115,21633,0.53,100,5.32,1000
51003,Albemarle,Piedmont,2014,black,115,30,2055,1.46,26.09,14.6,260.87
51003,Albemarle,Piedmont,2014,white,115,75,16573,0.45,65.22,4.53,652.17
51003,Albemarle,Piedmont,2014,asian,115,0,870,0,0,0,0
51003,Albemarle,Piedmont,2014,multiracial,115,6,1560,0.38,5.22,3.85,52.17
51003,Albemarle,Piedmont,2014,hispanic,115,20,1900,1.05,17.39,10.53,173.91
51540,Charlottesville,Piedmont,2014,all,108,108,6784,1.59,100,15.92,1000
51540,Charlottesville,Piedmont,2014,black,108,61,2120,2.88,56.48,28.77,564.81
51540,Charlottesville,Piedmont,2014,white,108,26,3948,0.66,24.07,6.59,240.74
51540,Charlottesville,Piedmont,2014,asian,108,3,269,1.12,2.78,11.15,27.78
51540,Charlottesville,Piedmont,2014,multiracial,108,17,417,4.08,15.74,40.77,157.41
51540,Charlottesville,Piedmont,2014,hispanic,108,11,536,2.05,10.19,20.52,101.85
51,Virginia,Totals,2014,all,5119,5119,1862284,0.27,100,2.75,1000
51,Virginia,Totals,2014,black,5119,1742,390180,0.45,34.03,4.46,340.3
51,Virginia,Totals,2014,white,5119,2797,1177225,0.24,54.64,2.38,546.4
51,Virginia,Totals,2014,asian,5119,35,107834,0.03,0.68,0.32,6.84
51,Virginia,Totals,2014,multiracial,5119,435,126949,0.34,8.5,3.43,84.98
51,Virginia,Totals,2014,hispanic,5119,486,221525,0.22,9.49,2.19,94.94
51003,Albemarle,Piedmont,2015,all,105,105,21700,0.48,100,4.84,1000
51003,Albemarle,Piedmont,2015,black,105,23,2088,1.1,21.9,11.02,219.05
51003,Albemarle,Piedmont,2015,white,105,71,16589,0.43,67.62,4.28,676.19
51003,Albemarle,Piedmont,2015,asian,105,0,871,0,0,0,0
51003,Albemarle,Piedmont,2015,multiracial,105,10,1576,0.63,9.52,6.35,95.24
51003,Albemarle,Piedmont,2015,hispanic,105,25,1980,1.26,23.81,12.63,238.1
51540,Charlottesville,Piedmont,2015,all,110,110,6907,1.59,100,15.93,1000
51540,Charlottesville,Piedmont,2015,black,110,65,2025,3.21,59.09,32.1,590.91
51540,Charlottesville,Piedmont,2015,white,110,23,4064,0.57,20.91,5.66,209.09
51540,Charlottesville,Piedmont,2015,asian,110,1,261,0.38,0.91,3.83,9.09
51540,Charlottesville,Piedmont,2015,multiracial,110,20,523,3.82,18.18,38.24,181.82
51540,Charlottesville,Piedmont,2015,hispanic,110,8,571,1.4,7.27,14.01,72.73
51,Virginia,Totals,2015,all,5140,5140,1864668,0.28,100,2.76,1000
51,Virginia,Totals,2015,black,5140,1777,387952,0.46,34.57,4.58,345.72
51,Virginia,Totals,2015,white,5140,2756,1175650,0.23,53.62,2.34,536.19
51,Virginia,Totals,2015,asian,5140,32,110174,0.03,0.62,0.29,6.23
51,Virginia,Totals,2015,multiracial,5140,472,130832,0.36,9.18,3.61,91.83
51,Virginia,Totals,2015,hispanic,5140,498,228035,0.22,9.69,2.18,96.89
51003,Albemarle,Piedmont,2016,all,83,83,21721,0.38,100,3.82,1000
51003,Albemarle,Piedmont,2016,black,83,19,2201,0.86,22.89,8.63,228.92
51003,Albemarle,Piedmont,2016,white,83,53,16725,0.32,63.86,3.17,638.55
51003,Albemarle,Piedmont,2016,asian,83,0,928,0,0,0,0
51003,Albemarle,Piedmont,2016,multiracial,83,11,1171,0.94,13.25,9.39,132.53
51003,Albemarle,Piedmont,2016,hispanic,83,16,1997,0.8,19.28,8.01,192.77
51540,Charlottesville,Piedmont,2016,all,117,117,7084,1.65,100,16.52,1000
51540,Charlottesville,Piedmont,2016,black,117,64,1918,3.34,54.7,33.37,547.01
51540,Charlottesville,Piedmont,2016,white,117,18,4176,0.43,15.38,4.31,153.85
51540,Charlottesville,Piedmont,2016,asian,117,1,314,0.32,0.85,3.18,8.55
51540,Charlottesville,Piedmont,2016,multiracial,117,33,569,5.8,28.21,58,282.05
51540,Charlottesville,Piedmont,2016,hispanic,117,10,656,1.52,8.55,15.24,85.47
51,Virginia,Totals,2016,all,5242,5242,1865556,0.28,100,2.81,1000
51,Virginia,Totals,2016,black,5242,1669,382085,0.44,31.84,4.37,318.39
51,Virginia,Totals,2016,white,5242,2917,1173615,0.25,55.65,2.49,556.47
51,Virginia,Totals,2016,asian,5242,49,111313,0.04,0.93,0.44,9.35
51,Virginia,Totals,2016,multiracial,5242,495,136005,0.36,9.44,3.64,94.43
51,Virginia,Totals,2016,hispanic,5242,502,234290,0.21,9.58,2.14,95.76
51003,Albemarle,Piedmont,2017,all,84,84,21738,0.39,100,3.86,1000
51003,Albemarle,Piedmont,2017,black,84,24,2393,1,28.57,10.03,285.71
51003,Albemarle,Piedmont,2017,white,84,49,16805,0.29,58.33,2.92,583.33
51003,Albemarle,Piedmont,2017,asian,84,0,1028,0,0,0,0
51003,Albemarle,Piedmont,2017,multiracial,84,11,924,1.19,13.1,11.9,130.95
51003,Albemarle,Piedmont,2017,hispanic,84,12,2059,0.58,14.29,5.83,142.86
51540,Charlottesville,Piedmont,2017,all,138,138,7263,1.9,100,19,1000
51540,Charlottesville,Piedmont,2017,black,138,78,1914,4.08,56.52,40.75,565.22
51540,Charlottesville,Piedmont,2017,white,138,25,4295,0.58,18.12,5.82,181.16
51540,Charlottesville,Piedmont,2017,asian,138,3,339,0.88,2.17,8.85,21.74
51540,Charlottesville,Piedmont,2017,multiracial,138,31,593,5.23,22.46,52.28,224.64
51540,Charlottesville,Piedmont,2017,hispanic,138,10,740,1.35,7.25,13.51,72.46
51,Virginia,Totals,2017,all,5210,5210,1866274,0.28,100,2.79,1000
51,Virginia,Totals,2017,black,5210,1620,380586,0.43,31.09,4.26,310.94
51,Virginia,Totals,2017,white,5210,2970,1167212,0.25,57.01,2.54,570.06
51,Virginia,Totals,2017,asian,5210,39,111900,0.03,0.75,0.35,7.49
51,Virginia,Totals,2017,multiracial,5210,471,139748,0.34,9.04,3.37,90.4
51,Virginia,Totals,2017,hispanic,5210,511,242147,0.21,9.81,2.11,98.08
51003,Albemarle,Piedmont,2018,all,100,100,21734,0.46,100,4.6,1000
51003,Albemarle,Piedmont,2018,black,100,35,2520,1.39,35,13.89,350
51003,Albemarle,Piedmont,2018,white,100,50,16839,0.3,50,2.97,500
51003,Albemarle,Piedmont,2018,asian,100,0,1101,0,0,0,0
51003,Albemarle,Piedmont,2018,multiracial,100,14,747,1.87,14,18.74,140
51003,Albemarle,Piedmont,2018,hispanic,100,16,2109,0.76,16,7.59,160
51540,Charlottesville,Piedmont,2018,all,144,144,7385,1.95,100,19.5,1000
51540,Charlottesville,Piedmont,2018,black,144,79,1973,4,54.86,40.04,548.61
51540,Charlottesville,Piedmont,2018,white,144,32,4450,0.72,22.22,7.19,222.22
51540,Charlottesville,Piedmont,2018,asian,144,2,352,0.57,1.39,5.68,13.89
51540,Charlottesville,Piedmont,2018,multiracial,144,31,457,6.78,21.53,67.83,215.28
51540,Charlottesville,Piedmont,2018,hispanic,144,8,777,1.03,5.56,10.3,55.56
51,Virginia,Totals,2018,all,5329,5329,1867427,0.29,100,2.85,1000
51,Virginia,Totals,2018,black,5329,1597,375959,0.42,29.97,4.25,299.68
51,Virginia,Totals,2018,white,5329,3158,1161193,0.27,59.26,2.72,592.61
51,Virginia,Totals,2018,asian,5329,36,112660,0.03,0.68,0.32,6.76
51,Virginia,Totals,2018,multiracial,5329,445,147344,0.3,8.35,3.02,83.51
51,Virginia,Totals,2018,hispanic,5329,562,249917,0.22,10.55,2.25,105.46
51003,Albemarle,Piedmont,2019,all,106,106,21723,0.49,100,4.88,1000
51003,Albemarle,Piedmont,2019,black,106,37,2425,1.53,34.91,15.26,349.06
51003,Albemarle,Piedmont,2019,white,106,54,16986,0.32,50.94,3.18,509.43
51003,Albemarle,Piedmont,2019,asian,106,0,941,0,0,0,0
51003,Albemarle,Piedmont,2019,multiracial,106,14,999,1.4,13.21,14.01,132.08
51003,Albemarle,Piedmont,2019,hispanic,106,16,2123,0.75,15.09,7.54,150.94
51540,Charlottesville,Piedmont,2019,all,107,107,7368,1.45,100,14.52,1000
51540,Charlottesville,Piedmont,2019,black,107,57,2015,2.83,53.27,28.29,532.71
51540,Charlottesville,Piedmont,2019,white,107,28,4467,0.63,26.17,6.27,261.68
51540,Charlottesville,Piedmont,2019,asian,107,3,361,0.83,2.8,8.31,28.04
51540,Charlottesville,Piedmont,2019,multiracial,107,19,376,5.05,17.76,50.53,177.57
51540,Charlottesville,Piedmont,2019,hispanic,107,7,799,0.88,6.54,8.76,65.42
51,Virginia,Totals,2019,all,5517,5517,1865699,0.3,100,2.96,1000
51,Virginia,Totals,2019,black,5517,1642,373575,0.44,29.76,4.4,297.63
51,Virginia,Totals,2019,white,5517,3273,1154736,0.28,59.33,2.83,593.26
51,Virginia,Totals,2019,asian,5517,36,111854,0.03,0.65,0.32,6.53
51,Virginia,Totals,2019,multiracial,5517,473,150313,0.31,8.57,3.15,85.74
51,Virginia,Totals,2019,hispanic,5517,611,256038,0.24,11.07,2.39,110.75
51003,Albemarle,Piedmont,2020,all,100,100,21863,0.46,100,4.57,1000
51003,Albemarle,Piedmont,2020,black,100,36,2300,1.57,36,15.65,360
51003,Albemarle,Piedmont,2020,white,100,54,16541,0.33,54,3.26,540
51003,Albemarle,Piedmont,2020,asian,100,0,1041,0,0,0,0
51003,Albemarle,Piedmont,2020,multiracial,100,10,1443,0.69,10,6.93,100
51003,Albemarle,Piedmont,2020,hispanic,100,19,2099,0.91,19,9.05,190
51540,Charlottesville,Piedmont,2020,all,87,87,7321,1.19,100,11.88,1000
51540,Charlottesville,Piedmont,2020,black,87,52,2000,2.6,59.77,26,597.7
51540,Charlottesville,Piedmont,2020,white,87,17,4307,0.39,19.54,3.95,195.4
51540,Charlottesville,Piedmont,2020,asian,87,4,417,0.96,4.6,9.59,45.98
51540,Charlottesville,Piedmont,2020,multiracial,87,13,456,2.85,14.94,28.51,149.43
51540,Charlottesville,Piedmont,2020,hispanic,87,5,800,0.62,5.75,6.25,57.47
51,Virginia,Totals,2020,all,5378,5378,1868597,0.29,100,2.88,1000
51,Virginia,Totals,2020,black,5378,1512,370122,0.41,28.11,4.09,281.15
51,Virginia,Totals,2020,white,5378,3209,1120554,0.29,59.67,2.86,596.69
51,Virginia,Totals,2020,asian,5378,48,121366,0.04,0.89,0.4,8.93
51,Virginia,Totals,2020,multiracial,5378,498,174014,0.29,9.26,2.86,92.6
51,Virginia,Totals,2020,hispanic,5378,605,259092,0.23,11.25,2.34,112.5
51003,Albemarle,Piedmont,2021,all,108,108,22417,0.48,100,4.82,1000
51003,Albemarle,Piedmont,2021,black,108,42,1915,2.19,38.89,21.93,388.89
51003,Albemarle,Piedmont,2021,white,108,59,16536,0.36,54.63,3.57,546.3
51003,Albemarle,Piedmont,2021,asian,108,0,1074,0,0,0,0
51003,Albemarle,Piedmont,2021,multiracial,108,5,2199,0.23,4.63,2.27,46.3
51003,Albemarle,Piedmont,2021,hispanic,108,20,2157,0.93,18.52,9.27,185.19
51540,Charlottesville,Piedmont,2021,all,76,76,7314,1.04,100,10.39,1000
51540,Charlottesville,Piedmont,2021,black,76,44,1889,2.33,57.89,23.29,578.95
51540,Charlottesville,Piedmont,2021,white,76,16,4332,0.37,21.05,3.69,210.53
51540,Charlottesville,Piedmont,2021,asian,76,4,403,0.99,5.26,9.93,52.63
51540,Charlottesville,Piedmont,2021,multiracial,76,11,612,1.8,14.47,17.97,144.74
51540,Charlottesville,Piedmont,2021,hispanic,76,10,809,1.24,13.16,12.36,131.58
51,Virginia,Totals,2021,all,5288,5288,1892752,0.28,100,2.79,1000
51,Virginia,Totals,2021,black,5288,1495,371765,0.4,28.27,4.02,282.72
51,Virginia,Totals,2021,white,5288,3116,1104801,0.28,58.93,2.82,589.26
51,Virginia,Totals,2021,asian,5288,49,121920,0.04,0.93,0.4,9.27
51,Virginia,Totals,2021,multiracial,5288,505,203018,0.25,9.55,2.49,95.5
51,Virginia,Totals,2021,hispanic,5288,590,269411,0.22,11.16,2.19,111.57
51003,Albemarle,Piedmont,2022,all,101,101,22003,0.46,100,4.59,1000
51003,Albemarle,Piedmont,2022,black,101,30,1846,1.63,29.7,16.25,297.03
51003,Albemarle,Piedmont,2022,white,101,63,15940,0.4,62.38,3.95,623.76
51003,Albemarle,Piedmont,2022,asian,101,0,953,0,0,0,0
51003,Albemarle,Piedmont,2022,multiracial,101,7,2588,0.27,6.93,2.7,69.31
51003,Albemarle,Piedmont,2022,hispanic,101,21,2128,0.99,20.79,9.87,207.92
51540,Charlottesville,Piedmont,2022,all,57,57,7200,0.79,100,7.92,1000
51540,Charlottesville,Piedmont,2022,black,57,26,1786,1.46,45.61,14.56,456.14
51540,Charlottesville,Piedmont,2022,white,57,20,4096,0.49,35.09,4.88,350.88
51540,Charlottesville,Piedmont,2022,asian,57,3,339,0.88,5.26,8.85,52.63
51540,Charlottesville,Piedmont,2022,multiracial,57,8,895,0.89,14.04,8.94,140.35
51540,Charlottesville,Piedmont,2022,hispanic,57,8,798,1,14.04,10.03,140.35
51,Virginia,Totals,2022,all,5076,5076,1876826,0.27,100,2.7,1000
51,Virginia,Totals,2022,black,5076,1405,365872,0.38,27.68,3.84,276.79
51,Virginia,Totals,2022,white,5076,2998,1057820,0.28,59.06,2.83,590.62
51,Virginia,Totals,2022,asian,5076,53,121201,0.04,1.04,0.44,10.44
51,Virginia,Totals,2022,multiracial,5076,496,229786,0.22,9.77,2.16,97.71
51,Virginia,Totals,2022,hispanic,5076,545,274167,0.2,10.74,1.99,107.37
51003,Albemarle,Piedmont,2023,all,96,96,22432,0.43,100,4.28,1000
51003,Albemarle,Piedmont,2023,black,96,26,1916,1.36,27.08,13.57,270.83
51003,Albemarle,Piedmont,2023,white,96,54,15650,0.35,56.25,3.45,562.5
51003,Albemarle,Piedmont,2023,asian,96,0,1005,0,0,0,0
51003,Albemarle,Piedmont,2023,multiracial,96,14,2967,0.47,14.58,4.72,145.83
51003,Albemarle,Piedmont,2023,hispanic,96,21,2662,0.79,21.88,7.89,218.75
51540,Charlottesville,Piedmont,2023,all,49,49,7419,0.66,100,6.6,1000
51540,Charlottesville,Piedmont,2023,black,49,22,1725,1.28,44.9,12.75,448.98
51540,Charlottesville,Piedmont,2023,white,49,19,4289,0.44,38.78,4.43,387.76
51540,Charlottesville,Piedmont,2023,asian,49,2,358,0.56,4.08,5.59,40.82
51540,Charlottesville,Piedmont,2023,multiracial,49,6,957,0.63,12.24,6.27,122.45
51540,Charlottesville,Piedmont,2023,hispanic,49,8,928,0.86,16.33,8.62,163.27
51,Virginia,Totals,2023,all,5013,5013,1893985,0.26,100,2.65,1000
51,Virginia,Totals,2023,black,5013,1417,364648,0.39,28.27,3.89,282.67
51,Virginia,Totals,2023,white,5013,2928,1027519,0.28,58.41,2.85,584.08
51,Virginia,Totals,2023,asian,5013,49,119515,0.04,0.98,0.41,9.77
51,Virginia,Totals,2023,multiracial,5013,529,265385,0.2,10.55,1.99,105.53
51,Virginia,Totals,2023,hispanic,5013,595,294637,0.2,11.87,2.02,118.69
51003,Albemarle,Piedmont,2024,all,88,88,22438,0.39,100,3.92,1000
51003,Albemarle,Piedmont,2024,black,88,18,2032,0.89,20.45,8.86,204.55
51003,Albemarle,Piedmont,2024,white,88,59,15070,0.39,67.05,3.92,670.45
51003,Albemarle,Piedmont,2024,asian,88,0,1106,0,0,0,0
51003,Albemarle,Piedmont,2024,multiracial,88,9,3001,0.3,10.23,3,102.27
51003,Albemarle,Piedmont,2024,hispanic,88,21,2723,0.77,23.86,7.71,238.64
51540,Charlottesville,Piedmont,2024,all,78,78,7480,1.04,100,10.43,1000
51540,Charlottesville,Piedmont,2024,black,78,37,1309,2.83,47.44,28.27,474.36
51540,Charlottesville,Piedmont,2024,white,78,18,4137,0.44,23.08,4.35,230.77
51540,Charlottesville,Piedmont,2024,asian,78,2,354,0.56,2.56,5.65,25.64
51540,Charlottesville,Piedmont,2024,multiracial,78,21,1373,1.53,26.92,15.29,269.23
51540,Charlottesville,Piedmont,2024,hispanic,78,9,924,0.97,11.54,9.74,115.38
51,Virginia,Totals,2024,all,5362,5362,1890833,0.28,100,2.84,1000
51,Virginia,Totals,2024,black,5362,1554,356762,0.44,28.98,4.36,289.82
51,Virginia,Totals,2024,white,5362,3081,988493,0.31,57.46,3.12,574.6
51,Virginia,Totals,2024,asian,5362,51,118575,0.04,0.95,0.43,9.51
51,Virginia,Totals,2024,multiracial,5362,562,300464,0.19,10.48,1.87,104.81
51,Virginia,Totals,2024,hispanic,5362,634,302240,0.21,11.82,2.1,118.24
51003,Albemarle,Piedmont,2025,all,96,96,NA,NA,100,NA,1000
51003,Albemarle,Piedmont,2025,black,96,26,NA,NA,27.08,NA,270.83
51003,Albemarle,Piedmont,2025,white,96,60,NA,NA,62.5,NA,625
51003,Albemarle,Piedmont,2025,asian,96,0,NA,NA,0,NA,0
51003,Albemarle,Piedmont,2025,multiracial,96,9,NA,NA,9.38,NA,93.75
51003,Albemarle,Piedmont,2025,hispanic,96,15,NA,NA,15.62,NA,156.25
51540,Charlottesville,Piedmont,2025,all,108,108,NA,NA,100,NA,1000
51540,Charlottesville,Piedmont,2025,black,108,58,NA,NA,53.7,NA,537.04
51540,Charlottesville,Piedmont,2025,white,108,28,NA,NA,25.93,NA,259.26
51540,Charlottesville,Piedmont,2025,asian,108,1,NA,NA,0.93,NA,9.26
51540,Charlottesville,Piedmont,2025,multiracial,108,21,NA,NA,19.44,NA,194.44
51540,Charlottesville,Piedmont,2025,hispanic,108,11,NA,NA,10.19,NA,101.85
51,Virginia,Totals,2025,all,5715,5715,NA,NA,100,NA,1000
51,Virginia,Totals,2025,black,5715,1764,NA,NA,30.87,NA,308.66
51,Virginia,Totals,2025,white,5715,3204,NA,NA,56.06,NA,560.63
51,Virginia,Totals,2025,asian,5715,54,NA,NA,0.94,NA,9.45
51,Virginia,Totals,2025,multiracial,5715,581,NA,NA,10.17,NA,101.66
51,Virginia,Totals,2025,hispanic,5715,682,NA,NA,11.93,NA,119.34
