year,geography,maternal_race_and_ethnicity,infant_deaths,total_live_births,infant_mortality_rate
2015,Virginia (All Localities),American Indian or Alaskan Native,12,177,67.796999999999997
2015,Virginia (All Localities),"Another Race, Non-Hispanic",0,2069,0
2015,Virginia (All Localities),Asian or Pacific Islander,27,7774,3.4729999999999999
2015,Virginia (All Localities),Black or African American,224,20811,10.763999999999999
2015,Virginia (All Localities),Hispanic or Latinx (All Races),68,13901,4.8920000000000003
2015,Virginia (All Localities),Unknown Race and Ethnicity,<5,1527,*
2015,Virginia (All Localities),White,212,56648,3.742
2015,Albemarle County,American Indian or Alaskan Native,0,<5,0
2015,Albemarle County,"Another Race, Non-Hispanic",0,26,0
2015,Albemarle County,Asian or Pacific Islander,<5,59,*
2015,Albemarle County,Black or African American,0,101,0
2015,Albemarle County,Hispanic or Latinx (All Races),0,99,0
2015,Albemarle County,White,0,762,0
2015,Charlottesville City,American Indian or Alaskan Native,0,<5,0
2015,Charlottesville City,"Another Race, Non-Hispanic",0,8,0
2015,Charlottesville City,Asian or Pacific Islander,0,46,0
2015,Charlottesville City,Black or African American,0,110,0
2015,Charlottesville City,Hispanic or Latinx (All Races),0,57,0
2015,Charlottesville City,White,<5,354,*
2016,Virginia (All Localities),American Indian or Alaskan Native,10,145,68.965999999999994
2016,Virginia (All Localities),"Another Race, Non-Hispanic",0,2206,0
2016,Virginia (All Localities),Asian or Pacific Islander,35,7764,4.508
2016,Virginia (All Localities),Black or African American,215,20078,10.708
2016,Virginia (All Localities),Hispanic or Latinx (All Races),63,14133,4.4580000000000002
2016,Virginia (All Localities),Unknown Race and Ethnicity,<5,3671,*
2016,Virginia (All Localities),White,210,54168,3.8769999999999998
2016,Albemarle County,"Another Race, Non-Hispanic",0,16,0
2016,Albemarle County,Asian or Pacific Islander,<5,69,*
2016,Albemarle County,Black or African American,0,121,0
2016,Albemarle County,Hispanic or Latinx (All Races),0,110,0
2016,Albemarle County,Unknown Race and Ethnicity,0,<5,0
2016,Albemarle County,White,0,762,0
2016,Charlottesville City,American Indian or Alaskan Native,0,<5,0
2016,Charlottesville City,"Another Race, Non-Hispanic",0,16,0
2016,Charlottesville City,Asian or Pacific Islander,0,44,0
2016,Charlottesville City,Black or African American,<5,108,*
2016,Charlottesville City,Hispanic or Latinx (All Races),0,68,0
2016,Charlottesville City,White,<5,384,*
2017,Virginia (All Localities),American Indian or Alaskan Native,16,164,97.561000000000007
2017,Virginia (All Localities),"Another Race, Non-Hispanic",0,2360,0
2017,Virginia (All Localities),Asian or Pacific Islander,38,7606,4.9960000000000004
2017,Virginia (All Localities),Black or African American,224,20510,10.922000000000001
2017,Virginia (All Localities),Hispanic or Latinx (All Races),71,13984,5.077
2017,Virginia (All Localities),Unknown Race and Ethnicity,<5,3986,*
2017,Virginia (All Localities),White,214,52560,4.0720000000000001
2017,Albemarle County,American Indian or Alaskan Native,0,<5,0
2017,Albemarle County,"Another Race, Non-Hispanic",0,28,0
2017,Albemarle County,Asian or Pacific Islander,0,68,0
2017,Albemarle County,Black or African American,0,112,0
2017,Albemarle County,Hispanic or Latinx (All Races),0,102,0
2017,Albemarle County,Unknown Race and Ethnicity,0,<5,0
2017,Albemarle County,White,0,742,0
2017,Charlottesville City,American Indian or Alaskan Native,0,<5,0
2017,Charlottesville City,"Another Race, Non-Hispanic",0,22,0
2017,Charlottesville City,Asian or Pacific Islander,0,41,0
2017,Charlottesville City,Black or African American,0,128,0
2017,Charlottesville City,Hispanic or Latinx (All Races),0,52,0
2017,Charlottesville City,White,5,342,14.62
2018,Virginia (All Localities),American Indian or Alaskan Native,6,171,35.088000000000001
2018,Virginia (All Localities),"Another Race, Non-Hispanic",0,2412,0
2018,Virginia (All Localities),Asian or Pacific Islander,25,7537,3.3170000000000002
2018,Virginia (All Localities),Black or African American,200,20295,9.8550000000000004
2018,Virginia (All Localities),Hispanic or Latinx (All Races),67,14384,4.6580000000000004
2018,Virginia (All Localities),Unknown Race and Ethnicity,<5,3778,*
2018,Virginia (All Localities),White,226,51326,4.4029999999999996
2018,Albemarle County,American Indian or Alaskan Native,0,<5,0
2018,Albemarle County,"Another Race, Non-Hispanic",0,27,0
2018,Albemarle County,Asian or Pacific Islander,0,59,0
2018,Albemarle County,Black or African American,<5,117,*
2018,Albemarle County,Hispanic or Latinx (All Races),<5,99,*
2018,Albemarle County,Unknown Race and Ethnicity,0,<5,0
2018,Albemarle County,White,6,749,8.01
2018,Charlottesville City,American Indian or Alaskan Native,0,<5,0
2018,Charlottesville City,"Another Race, Non-Hispanic",0,18,0
2018,Charlottesville City,Asian or Pacific Islander,0,31,0
2018,Charlottesville City,Black or African American,0,106,0
2018,Charlottesville City,Hispanic or Latinx (All Races),<5,61,*
2018,Charlottesville City,Unknown Race and Ethnicity,0,<5,0
2018,Charlottesville City,White,<5,385,*
2019,Virginia (All Localities),American Indian or Alaskan Native,16,157,101.911
2019,Virginia (All Localities),"Another Race, Non-Hispanic",0,2476,0
2019,Virginia (All Localities),Asian or Pacific Islander,37,7684,4.8150000000000004
2019,Virginia (All Localities),Black or African American,223,20190,11.045
2019,Virginia (All Localities),Hispanic or Latinx (All Races),80,14474,5.5270000000000001
2019,Virginia (All Localities),Unknown Race and Ethnicity,5,23,217.39099999999999
2019,Virginia (All Localities),White,214,52751,4.0570000000000004
2019,Albemarle County,"Another Race, Non-Hispanic",0,23,0
2019,Albemarle County,Asian or Pacific Islander,<5,66,*
2019,Albemarle County,Black or African American,<5,107,*
2019,Albemarle County,Hispanic or Latinx (All Races),0,96,0
2019,Albemarle County,White,<5,735,*
2019,Charlottesville City,American Indian or Alaskan Native,0,<5,0
2019,Charlottesville City,"Another Race, Non-Hispanic",0,14,0
2019,Charlottesville City,Asian or Pacific Islander,0,38,0
2019,Charlottesville City,Black or African American,<5,113,*
2019,Charlottesville City,Hispanic or Latinx (All Races),0,48,0
2019,Charlottesville City,White,<5,410,*
2020,Virginia (All Localities),American Indian or Alaskan Native,16,166,96.385999999999996
2020,Virginia (All Localities),"Another Race, Non-Hispanic",0,2527,0
2020,Virginia (All Localities),Asian or Pacific Islander,12,7204,1.6659999999999999
2020,Virginia (All Localities),Black or African American,235,19548,12.022
2020,Virginia (All Localities),Hispanic or Latinx (All Races),88,14835,5.9320000000000004
2020,Virginia (All Localities),Unknown Race and Ethnicity,<5,13,*
2020,Virginia (All Localities),White,193,50898,3.7919999999999998
2020,Albemarle County,American Indian or Alaskan Native,0,5,0
2020,Albemarle County,"Another Race, Non-Hispanic",0,28,0
2020,Albemarle County,Asian or Pacific Islander,0,42,0
2020,Albemarle County,Black or African American,<5,115,*
2020,Albemarle County,Hispanic or Latinx (All Races),0,94,0
2020,Albemarle County,White,<5,690,*
2020,Charlottesville City,American Indian or Alaskan Native,0,<5,0
2020,Charlottesville City,"Another Race, Non-Hispanic",0,18,0
2020,Charlottesville City,Asian or Pacific Islander,0,39,0
2020,Charlottesville City,Black or African American,0,100,0
2020,Charlottesville City,Hispanic or Latinx (All Races),0,45,0
2020,Charlottesville City,White,<5,353,*
2021,Virginia (All Localities),American Indian or Alaskan Native,14,154,90.909000000000006
2021,Virginia (All Localities),"Another Race, Non-Hispanic",0,2506,0
2021,Virginia (All Localities),Asian or Pacific Islander,41,7349,5.5789999999999997
2021,Virginia (All Localities),Black or African American,213,18984,11.22
2021,Virginia (All Localities),Hispanic or Latinx (All Races),98,15017,6.5259999999999998
2021,Virginia (All Localities),Unknown Race and Ethnicity,<5,547,*
2021,Virginia (All Localities),White,201,51385,3.9119999999999999
2021,Albemarle County,American Indian or Alaskan Native,<5,<5,*
2021,Albemarle County,"Another Race, Non-Hispanic",0,30,0
2021,Albemarle County,Asian or Pacific Islander,0,74,0
2021,Albemarle County,Black or African American,<5,111,*
2021,Albemarle County,Hispanic or Latinx (All Races),<5,101,*
2021,Albemarle County,Unknown Race and Ethnicity,0,<5,0
2021,Albemarle County,White,<5,730,*
2021,Charlottesville City,"Another Race, Non-Hispanic",0,17,0
2021,Charlottesville City,Asian or Pacific Islander,<5,28,*
2021,Charlottesville City,Black or African American,<5,99,*
2021,Charlottesville City,Hispanic or Latinx (All Races),0,63,0
2021,Charlottesville City,Unknown Race and Ethnicity,0,<5,0
2021,Charlottesville City,White,0,370,0
2022,Virginia (All Localities),American Indian or Alaskan Native,19,152,125
2022,Virginia (All Localities),"Another Race, Non-Hispanic",0,2940,0
2022,Virginia (All Localities),Asian or Pacific Islander,32,7699,4.1559999999999997
2022,Virginia (All Localities),Black or African American,244,18406,13.257
2022,Virginia (All Localities),Hispanic or Latinx (All Races),97,15859,6.1159999999999997
2022,Virginia (All Localities),Unknown Race and Ethnicity,6,294,20.408000000000001
2022,Virginia (All Localities),White,197,50274,3.919
2022,Albemarle County,American Indian or Alaskan Native,0,<5,0
2022,Albemarle County,"Another Race, Non-Hispanic",0,42,0
2022,Albemarle County,Asian or Pacific Islander,0,54,0
2022,Albemarle County,Black or African American,<5,109,*
2022,Albemarle County,Hispanic or Latinx (All Races),<5,117,*
2022,Albemarle County,White,<5,737,*
2022,Charlottesville City,"Another Race, Non-Hispanic",0,28,0
2022,Charlottesville City,Asian or Pacific Islander,0,37,0
2022,Charlottesville City,Black or African American,<5,71,*
2022,Charlottesville City,Hispanic or Latinx (All Races),0,56,0
2022,Charlottesville City,White,<5,332,*
2023,Virginia (All Localities),American Indian or Alaskan Native,18,135,133.333
2023,Virginia (All Localities),"Another Race, Non-Hispanic",0,3200,0
2023,Virginia (All Localities),Asian or Pacific Islander,23,7148,3.218
2023,Virginia (All Localities),Black or African American,193,17396,11.095000000000001
2023,Virginia (All Localities),Hispanic or Latinx (All Races),114,16176,7.0469999999999997
2023,Virginia (All Localities),Unknown Race and Ethnicity,9,1829,4.9207217058501911
2023,Virginia (All Localities),White,175,46768,3.742
2023,Albemarle County,American Indian or Alaskan Native,0,<5,0
2023,Albemarle County,"Another Race, Non-Hispanic",0,39,0
2023,Albemarle County,Asian or Pacific Islander,<5,56,*
2023,Albemarle County,Black or African American,0,83,0
2023,Albemarle County,Hispanic or Latinx (All Races),0,134,0
2023,Albemarle County,White,<5,700,*
2023,Charlottesville City,"Another Race, Non-Hispanic",0,28,0
2023,Charlottesville City,Asian or Pacific Islander,0,39,0
2023,Charlottesville City,Black or African American,0,91,0
2023,Charlottesville City,Hispanic or Latinx (All Races),<5,53,*
2023,Charlottesville City,White,<5,331,*
2024,Virginia (All Localities),American Indian or Alaskan Native,22,139,158.27338129496403
2024,Virginia (All Localities),"Another Race, Non-Hispanic",0,3737,0
2024,Virginia (All Localities),Asian or Pacific Islander,28,7545,3.7109999999999999
2024,Virginia (All Localities),Black or African American,210,17173,12.228
2024,Virginia (All Localities),Hispanic or Latinx (All Races),91,17223,5.2839999999999998
2024,Virginia (All Localities),Unknown Race and Ethnicity,5,107,46.728999999999999
2024,Virginia (All Localities),White,204,48092,4.242
2024,Albemarle County,"Another Race, Non-Hispanic",0,32,0
2024,Albemarle County,Asian or Pacific Islander,<5,55,*
2024,Albemarle County,Black or African American,<5,105,*
2024,Albemarle County,Hispanic or Latinx (All Races),0,149,0
2024,Albemarle County,White,<5,702,*
2024,Charlottesville City,"Another Race, Non-Hispanic",0,26,0
2024,Charlottesville City,Asian or Pacific Islander,0,44,0
2024,Charlottesville City,Black or African American,<5,69,*
2024,Charlottesville City,Hispanic or Latinx (All Races),0,69,0
2024,Charlottesville City,White,<5,285,*
