GEOID,locality,year,pop_under18_white,pop_under18_black,pop_under18_aian,pop_under18_asian,pop_under18_nhpi,pop_under18_other,pop_under18_multi,pop_under18_white_nonhisp,pop_under18_hisp,pop_under18,per_under18_white,per_under18_black,per_under18_asian,per_under18_multi,per_under18_white_nonhisp,per_under18_hisp,per_under18_aian,per_under18_nhpi,per_under18_other
51003,Albemarle,2010,16823,2337,112,664,28,205,1120,15633,1541,21289,79.02,10.98,3.12,5.26,73.43,7.24,0.53,0.13,0.96
51540,Charlottesville,2010,3252,2174,51,242,0,176,507,3148,495,6402,50.8,33.96,3.78,7.92,49.17,7.73,0.8,0,2.75
51540,Charlottesville,2011,3435,2121,39,183,0,54,536,3140,515,6368,53.94,33.31,2.87,8.42,49.31,8.09,0.61,0,0.85
51003,Albemarle,2011,16651,2441,136,621,0,204,1301,15536,1647,21354,77.98,11.43,2.91,6.09,72.75,7.71,0.64,0,0.96
51003,Albemarle,2012,16611,2255,101,703,0,335,1442,15439,1746,21447,77.45,10.51,3.28,6.72,71.99,8.14,0.47,0,1.56
51540,Charlottesville,2012,3589,2220,18,211,0,47,413,3262,504,6498,55.23,34.16,3.25,6.36,50.2,7.76,0.28,0,0.72
51540,Charlottesville,2013,3695,2145,22,280,0,50,339,3337,516,6531,56.58,32.84,4.29,5.19,51.09,7.9,0.34,0,0.77
51003,Albemarle,2013,16683,2156,146,760,0,363,1461,15391,1853,21569,77.35,10,3.52,6.77,71.36,8.59,0.68,0,1.68
51540,Charlottesville,2014,3948,2120,0,269,0,30,417,3513,536,6784,58.2,31.25,3.97,6.15,51.78,7.9,0,0,0.44
51003,Albemarle,2014,16573,2055,89,870,0,486,1560,15329,1900,21633,76.61,9.5,4.02,7.21,70.86,8.78,0.41,0,2.25
51540,Charlottesville,2015,4064,2025,0,261,11,23,523,3593,571,6907,58.84,29.32,3.78,7.57,52.02,8.27,0,0.16,0.33
51003,Albemarle,2015,16589,2088,47,871,0,529,1576,15325,1980,21700,76.45,9.62,4.01,7.26,70.62,9.12,0.22,0,2.44
51540,Charlottesville,2016,4176,1918,49,314,11,47,569,3647,656,7084,58.95,27.08,4.43,8.03,51.48,9.26,0.69,0.16,0.66
51003,Albemarle,2016,16725,2201,46,928,0,650,1171,15359,1997,21721,77,10.13,4.27,5.39,70.71,9.19,0.21,0,2.99
51540,Charlottesville,2017,4295,1914,61,339,9,52,593,3689,740,7263,59.14,26.35,4.67,8.16,50.79,10.19,0.84,0.12,0.72
51003,Albemarle,2017,16805,2393,56,1028,0,532,924,15341,2059,21738,77.31,11.01,4.73,4.25,70.57,9.47,0.26,0,2.45
51540,Charlottesville,2018,4450,1973,80,352,12,61,457,3783,777,7385,60.26,26.72,4.77,6.19,51.23,10.52,1.08,0.16,0.83
51003,Albemarle,2018,16839,2520,72,1101,0,455,747,15218,2109,21734,77.48,11.59,5.07,3.44,70.02,9.7,0.33,0,2.09
51540,Charlottesville,2019,4467,2015,31,361,25,93,376,3759,799,7368,60.63,27.35,4.9,5.1,51.02,10.84,0.42,0.34,1.26
51003,Albemarle,2019,16986,2425,56,941,0,316,999,15270,2123,21723,78.19,11.16,4.33,4.6,70.29,9.77,0.26,0,1.45
51540,Charlottesville,2020,4307,2000,38,417,0,103,456,3759,800,7321,58.83,27.32,5.7,6.23,51.35,10.93,0.52,0,1.41
51003,Albemarle,2020,16541,2300,84,1041,0,454,1443,15224,2099,21863,75.66,10.52,4.76,6.6,69.63,9.6,0.38,0,2.08
51003,Albemarle,2021,16536,1915,139,1074,0,554,2199,15531,2157,22417,73.77,8.54,4.79,9.81,69.28,9.62,0.62,0,2.47
51540,Charlottesville,2021,4332,1889,0,403,0,78,612,3760,809,7314,59.23,25.83,5.51,8.37,51.41,11.06,0,0,1.07
51003,Albemarle,2022,15940,1846,72,953,0,604,2588,15134,2128,22003,72.44,8.39,4.33,11.76,68.78,9.67,0.33,0,2.75
51540,Charlottesville,2022,4096,1786,0,339,0,84,895,3710,798,7200,56.89,24.81,4.71,12.43,51.53,11.08,0,0,1.17
51003,Albemarle,2023,15650,1916,53,1005,0,841,2967,14814,2662,22432,69.77,8.54,4.48,13.23,66.04,11.87,0.24,0,3.75
51540,Charlottesville,2023,4289,1725,0,358,0,90,957,3741,928,7419,57.81,23.25,4.83,12.9,50.42,12.51,0,0,1.21
51003,Albemarle,2024,15070,2032,104,1106,0,1125,3001,14606,2723,22438,67.16,9.06,4.93,13.37,65.09,12.14,0.46,0,5.01
51540,Charlottesville,2024,4137,1309,0,354,0,307,1373,3859,924,7480,55.31,17.5,4.73,18.36,51.59,12.35,0,0,4.1
51,Virginia,2010,1176064,404860,6167,96621,1295,61046,94024,1072008,185271,1840077,63.91,22,5.25,5.11,58.26,10.07,0.34,0.07,3.32
51,Virginia,2011,1173227,403543,5626,99823,1224,59860,100624,1060243,195415,1843927,63.63,21.88,5.41,5.46,57.5,10.6,0.31,0.07,3.25
51,Virginia,2012,1173393,399873,5181,102219,1384,55297,111366,1051844,204517,1848713,63.47,21.63,5.53,6.02,56.9,11.06,0.28,0.07,2.99
51,Virginia,2013,1176806,394664,4748,104926,1232,53760,119878,1045440,212892,1856014,63.41,21.26,5.65,6.46,56.33,11.47,0.26,0.07,2.9
51,Virginia,2014,1177225,390180,4118,107834,1152,54826,126949,1038961,221525,1862284,63.21,20.95,5.79,6.82,55.79,11.9,0.22,0.06,2.94
51,Virginia,2015,1175650,387952,4359,110174,982,54719,130832,1032006,228035,1864668,63.05,20.81,5.91,7.02,55.35,12.23,0.23,0.05,2.93
51,Virginia,2016,1173615,382085,4449,111313,1117,56972,136005,1026078,234290,1865556,62.91,20.48,5.97,7.29,55,12.56,0.24,0.06,3.05
51,Virginia,2017,1167212,380586,4167,111900,1137,61524,139748,1015812,242147,1866274,62.54,20.39,6,7.49,54.43,12.97,0.22,0.06,3.3
51,Virginia,2018,1161193,375959,4458,112660,1326,64487,147344,1006864,249917,1867427,62.18,20.13,6.03,7.89,53.92,13.38,0.24,0.07,3.45
51,Virginia,2019,1154736,373575,4654,111854,1321,69246,150313,999740,256038,1865699,61.89,20.02,6,8.06,53.59,13.72,0.25,0.07,3.71
51,Virginia,2020,1120554,370122,4102,121366,1323,77116,174014,985479,259092,1868597,59.97,19.81,6.5,9.31,52.74,13.87,0.22,0.07,4.13
51,Virginia,2021,1104801,371765,4924,121920,1111,85213,203018,986516,269411,1892752,58.37,19.64,6.44,10.73,52.12,14.23,0.26,0.06,4.5
51,Virginia,2022,1057820,365872,4975,121201,1245,95927,229786,963500,274167,1876826,56.36,19.49,6.46,12.24,51.34,14.61,0.27,0.07,5.11
51,Virginia,2023,1027519,364648,6083,119515,953,109882,265385,952469,294637,1893985,54.25,19.25,6.31,14.01,50.29,15.56,0.32,0.05,5.8
51,Virginia,2024,988493,356762,7122,118575,1119,118298,300464,937140,302240,1890833,52.28,18.87,6.27,15.89,49.56,15.98,0.38,0.06,6.26
