GEOID,local_agency,region_name,sfy_year,group,cps_total_children,cps_count_group,population_count_group,cps_per_bygroup,cps_per_byallcps,cps_rate_bygroup,cps_rate_byallcps
51003,Albemarle,Piedmont,2016,all,459,459,21721,2.11,100,21.13,1000
51003,Albemarle,Piedmont,2016,hispanic,459,61,1997,3.05,13.29,30.55,132.9
51003,Albemarle,Piedmont,2016,aian,459,0,46,0,0,0,0
51003,Albemarle,Piedmont,2016,asian,459,4,928,0.43,0.87,4.31,8.71
51003,Albemarle,Piedmont,2016,black,459,151,2201,6.86,32.9,68.61,328.98
51003,Albemarle,Piedmont,2016,nhpi,459,2,0,Inf,0.44,Inf,4.36
51003,Albemarle,Piedmont,2016,white,459,333,16725,1.99,72.55,19.91,725.49
51540,Charlottesville,Piedmont,2016,all,498,498,7084,7.03,100,70.3,1000
51540,Charlottesville,Piedmont,2016,hispanic,498,34,656,5.18,6.83,51.83,68.27
51540,Charlottesville,Piedmont,2016,aian,498,0,49,0,0,0,0
51540,Charlottesville,Piedmont,2016,asian,498,15,314,4.78,3.01,47.77,30.12
51540,Charlottesville,Piedmont,2016,black,498,370,1918,19.29,74.3,192.91,742.97
51540,Charlottesville,Piedmont,2016,nhpi,498,0,11,0,0,0,0
51540,Charlottesville,Piedmont,2016,white,498,188,4176,4.5,37.75,45.02,377.51
51,Virginia,State,2016,all,54391,54391,1865556,2.92,100,29.16,1000
51,Virginia,State,2016,hispanic,54391,5692,234290,2.43,10.46,24.29,104.65
51,Virginia,State,2016,aian,54391,90,4449,2.02,0.17,20.23,1.65
51,Virginia,State,2016,asian,54391,734,111313,0.66,1.35,6.59,13.49
51,Virginia,State,2016,black,54391,16396,382085,4.29,30.14,42.91,301.45
51,Virginia,State,2016,nhpi,54391,261,1117,23.37,0.48,233.66,4.8
51,Virginia,State,2016,white,54391,35871,1173615,3.06,65.95,30.56,659.5
51003,Albemarle,Piedmont,2017,all,606,606,21738,2.79,100,27.88,1000
51003,Albemarle,Piedmont,2017,hispanic,606,95,2059,4.61,15.68,46.14,156.77
51003,Albemarle,Piedmont,2017,aian,606,1,56,1.79,0.17,17.86,1.65
51003,Albemarle,Piedmont,2017,asian,606,4,1028,0.39,0.66,3.89,6.6
51003,Albemarle,Piedmont,2017,black,606,218,2393,9.11,35.97,91.1,359.74
51003,Albemarle,Piedmont,2017,nhpi,606,5,0,Inf,0.83,Inf,8.25
51003,Albemarle,Piedmont,2017,white,606,433,16805,2.58,71.45,25.77,714.52
51540,Charlottesville,Piedmont,2017,all,588,588,7263,8.1,100,80.96,1000
51540,Charlottesville,Piedmont,2017,hispanic,588,55,740,7.43,9.35,74.32,93.54
51540,Charlottesville,Piedmont,2017,aian,588,0,61,0,0,0,0
51540,Charlottesville,Piedmont,2017,asian,588,15,339,4.42,2.55,44.25,25.51
51540,Charlottesville,Piedmont,2017,black,588,396,1914,20.69,67.35,206.9,673.47
51540,Charlottesville,Piedmont,2017,nhpi,588,0,9,0,0,0,0
51540,Charlottesville,Piedmont,2017,white,588,234,4295,5.45,39.8,54.48,397.96
51,Virginia,State,2017,all,58681,58681,1866274,3.14,100,31.44,1000
51,Virginia,State,2017,hispanic,58681,5997,242147,2.48,10.22,24.77,102.2
51,Virginia,State,2017,aian,58681,107,4167,2.57,0.18,25.68,1.82
51,Virginia,State,2017,asian,58681,767,111900,0.69,1.31,6.85,13.07
51,Virginia,State,2017,black,58681,17856,380586,4.69,30.43,46.92,304.29
51,Virginia,State,2017,nhpi,58681,338,1137,29.73,0.58,297.27,5.76
51,Virginia,State,2017,white,58681,38687,1167212,3.31,65.93,33.14,659.28
51003,Albemarle,Piedmont,2018,all,601,601,21734,2.77,100,27.65,1000
51003,Albemarle,Piedmont,2018,hispanic,601,101,2109,4.79,16.81,47.89,168.05
51003,Albemarle,Piedmont,2018,aian,601,0,72,0,0,0,0
51003,Albemarle,Piedmont,2018,asian,601,15,1101,1.36,2.5,13.62,24.96
51003,Albemarle,Piedmont,2018,black,601,167,2520,6.63,27.79,66.27,277.87
51003,Albemarle,Piedmont,2018,nhpi,601,1,0,Inf,0.17,Inf,1.66
51003,Albemarle,Piedmont,2018,white,601,422,16839,2.51,70.22,25.06,702.16
51540,Charlottesville,Piedmont,2018,all,540,540,7385,7.31,100,73.12,1000
51540,Charlottesville,Piedmont,2018,hispanic,540,32,777,4.12,5.93,41.18,59.26
51540,Charlottesville,Piedmont,2018,aian,540,0,80,0,0,0,0
51540,Charlottesville,Piedmont,2018,asian,540,12,352,3.41,2.22,34.09,22.22
51540,Charlottesville,Piedmont,2018,black,540,375,1973,19.01,69.44,190.07,694.44
51540,Charlottesville,Piedmont,2018,nhpi,540,0,12,0,0,0,0
51540,Charlottesville,Piedmont,2018,white,540,221,4450,4.97,40.93,49.66,409.26
51,Virginia,State,2018,all,58469,58469,1867427,3.13,100,31.31,1000
51,Virginia,State,2018,hispanic,58469,6334,249917,2.53,10.83,25.34,108.33
51,Virginia,State,2018,aian,58469,91,4458,2.04,0.16,20.41,1.56
51,Virginia,State,2018,asian,58469,805,112660,0.71,1.38,7.15,13.77
51,Virginia,State,2018,black,58469,17321,375959,4.61,29.62,46.07,296.24
51,Virginia,State,2018,nhpi,58469,279,1326,21.04,0.48,210.41,4.77
51,Virginia,State,2018,white,58469,38598,1161193,3.32,66.01,33.24,660.14
51003,Albemarle,Piedmont,2019,all,606,606,21723,2.79,100,27.9,1000
51003,Albemarle,Piedmont,2019,hispanic,606,120,2123,5.65,19.8,56.52,198.02
51003,Albemarle,Piedmont,2019,aian,606,0,56,0,0,0,0
51003,Albemarle,Piedmont,2019,asian,606,12,941,1.28,1.98,12.75,19.8
51003,Albemarle,Piedmont,2019,black,606,152,2425,6.27,25.08,62.68,250.83
51003,Albemarle,Piedmont,2019,nhpi,606,9,0,Inf,1.49,Inf,14.85
51003,Albemarle,Piedmont,2019,white,606,435,16986,2.56,71.78,25.61,717.82
51540,Charlottesville,Piedmont,2019,all,429,429,7368,5.82,100,58.22,1000
51540,Charlottesville,Piedmont,2019,hispanic,429,49,799,6.13,11.42,61.33,114.22
51540,Charlottesville,Piedmont,2019,aian,429,0,31,0,0,0,0
51540,Charlottesville,Piedmont,2019,asian,429,9,361,2.49,2.1,24.93,20.98
51540,Charlottesville,Piedmont,2019,black,429,288,2015,14.29,67.13,142.93,671.33
51540,Charlottesville,Piedmont,2019,nhpi,429,0,25,0,0,0,0
51540,Charlottesville,Piedmont,2019,white,429,166,4467,3.72,38.69,37.16,386.95
51,Virginia,State,2019,all,59845,59845,1865699,3.21,100,32.08,1000
51,Virginia,State,2019,hispanic,59845,6276,256038,2.45,10.49,24.51,104.87
51,Virginia,State,2019,aian,59845,98,4654,2.11,0.16,21.06,1.64
51,Virginia,State,2019,asian,59845,857,111854,0.77,1.43,7.66,14.32
51,Virginia,State,2019,black,59845,18410,373575,4.93,30.76,49.28,307.63
51,Virginia,State,2019,nhpi,59845,245,1321,18.55,0.41,185.47,4.09
51,Virginia,State,2019,white,59845,39318,1154736,3.4,65.7,34.05,657
51003,Albemarle,Piedmont,2020,all,677,677,21863,3.1,100,30.97,1000
51003,Albemarle,Piedmont,2020,hispanic,677,107,2099,5.1,15.81,50.98,158.05
51003,Albemarle,Piedmont,2020,aian,677,0,84,0,0,0,0
51003,Albemarle,Piedmont,2020,asian,677,12,1041,1.15,1.77,11.53,17.73
51003,Albemarle,Piedmont,2020,black,677,162,2300,7.04,23.93,70.43,239.29
51003,Albemarle,Piedmont,2020,nhpi,677,10,0,Inf,1.48,Inf,14.77
51003,Albemarle,Piedmont,2020,white,677,488,16541,2.95,72.08,29.5,720.83
51540,Charlottesville,Piedmont,2020,all,373,373,7321,5.09,100,50.95,1000
51540,Charlottesville,Piedmont,2020,hispanic,373,39,800,4.88,10.46,48.75,104.56
51540,Charlottesville,Piedmont,2020,aian,373,0,38,0,0,0,0
51540,Charlottesville,Piedmont,2020,asian,373,12,417,2.88,3.22,28.78,32.17
51540,Charlottesville,Piedmont,2020,black,373,248,2000,12.4,66.49,124,664.88
51540,Charlottesville,Piedmont,2020,nhpi,373,1,0,Inf,0.27,Inf,2.68
51540,Charlottesville,Piedmont,2020,white,373,144,4307,3.34,38.61,33.43,386.06
51,Virginia,State,2020,all,53660,53660,1868597,2.87,100,28.72,1000
51,Virginia,State,2020,hispanic,53660,5964,259092,2.3,11.11,23.02,111.14
51,Virginia,State,2020,aian,53660,102,4102,2.49,0.19,24.87,1.9
51,Virginia,State,2020,asian,53660,838,121366,0.69,1.56,6.9,15.62
51,Virginia,State,2020,black,53660,16215,370122,4.38,30.22,43.81,302.18
51,Virginia,State,2020,nhpi,53660,202,1323,15.27,0.38,152.68,3.76
51,Virginia,State,2020,white,53660,36466,1120554,3.25,67.96,32.54,679.58
51003,Albemarle,Piedmont,2021,all,537,537,22417,2.4,100,23.96,1000
51003,Albemarle,Piedmont,2021,hispanic,537,102,2157,4.73,18.99,47.29,189.94
51003,Albemarle,Piedmont,2021,aian,537,2,139,1.44,0.37,14.39,3.72
51003,Albemarle,Piedmont,2021,asian,537,15,1074,1.4,2.79,13.97,27.93
51003,Albemarle,Piedmont,2021,black,537,154,1915,8.04,28.68,80.42,286.78
51003,Albemarle,Piedmont,2021,nhpi,537,11,0,Inf,2.05,Inf,20.48
51003,Albemarle,Piedmont,2021,white,537,371,16536,2.24,69.09,22.44,690.88
51540,Charlottesville,Piedmont,2021,all,301,301,7314,4.12,100,41.15,1000
51540,Charlottesville,Piedmont,2021,hispanic,301,26,809,3.21,8.64,32.14,86.38
51540,Charlottesville,Piedmont,2021,aian,301,0,0,NA,0,NA,0
51540,Charlottesville,Piedmont,2021,asian,301,17,403,4.22,5.65,42.18,56.48
51540,Charlottesville,Piedmont,2021,black,301,200,1889,10.59,66.45,105.88,664.45
51540,Charlottesville,Piedmont,2021,nhpi,301,1,0,Inf,0.33,Inf,3.32
51540,Charlottesville,Piedmont,2021,white,301,110,4332,2.54,36.54,25.39,365.45
51,Virginia,State,2021,all,52263,52263,1892752,2.76,100,27.61,1000
51,Virginia,State,2021,hispanic,52263,5996,269411,2.23,11.47,22.26,114.73
51,Virginia,State,2021,aian,52263,103,4924,2.09,0.2,20.92,1.97
51,Virginia,State,2021,asian,52263,965,121920,0.79,1.85,7.92,18.46
51,Virginia,State,2021,black,52263,15689,371765,4.22,30.02,42.2,300.19
51,Virginia,State,2021,nhpi,52263,208,1111,18.72,0.4,187.22,3.98
51,Virginia,State,2021,white,52263,35360,1104801,3.2,67.66,32.01,676.58
51003,Albemarle,Piedmont,2022,all,654,654,22003,2.97,100,29.72,1000
51003,Albemarle,Piedmont,2022,hispanic,654,94,2128,4.42,14.37,44.17,143.73
51003,Albemarle,Piedmont,2022,aian,654,5,72,6.94,0.76,69.44,7.65
51003,Albemarle,Piedmont,2022,asian,654,6,953,0.63,0.92,6.3,9.17
51003,Albemarle,Piedmont,2022,black,654,196,1846,10.62,29.97,106.18,299.69
51003,Albemarle,Piedmont,2022,nhpi,654,2,0,Inf,0.31,Inf,3.06
51003,Albemarle,Piedmont,2022,white,654,472,15940,2.96,72.17,29.61,721.71
51540,Charlottesville,Piedmont,2022,all,255,255,7200,3.54,100,35.42,1000
51540,Charlottesville,Piedmont,2022,hispanic,255,29,798,3.63,11.37,36.34,113.73
51540,Charlottesville,Piedmont,2022,aian,255,2,0,Inf,0.78,Inf,7.84
51540,Charlottesville,Piedmont,2022,asian,255,14,339,4.13,5.49,41.3,54.9
51540,Charlottesville,Piedmont,2022,black,255,139,1786,7.78,54.51,77.83,545.1
51540,Charlottesville,Piedmont,2022,nhpi,255,3,0,Inf,1.18,Inf,11.76
51540,Charlottesville,Piedmont,2022,white,255,116,4096,2.83,45.49,28.32,454.9
51,Virginia,State,2022,all,54535,54535,1876826,2.91,100,29.06,1000
51,Virginia,State,2022,hispanic,54535,6841,274167,2.5,12.54,24.95,125.44
51,Virginia,State,2022,aian,54535,140,4975,2.81,0.26,28.14,2.57
51,Virginia,State,2022,asian,54535,1150,121201,0.95,2.11,9.49,21.09
51,Virginia,State,2022,black,54535,16323,365872,4.46,29.93,44.61,299.31
51,Virginia,State,2022,nhpi,54535,183,1245,14.7,0.34,146.99,3.36
51,Virginia,State,2022,white,54535,36096,1057820,3.41,66.19,34.12,661.89
51003,Albemarle,Piedmont,2023,all,709,709,22432,3.16,100,31.61,1000
51003,Albemarle,Piedmont,2023,hispanic,709,110,2662,4.13,15.51,41.32,155.15
51003,Albemarle,Piedmont,2023,aian,709,9,53,16.98,1.27,169.81,12.69
51003,Albemarle,Piedmont,2023,asian,709,12,1005,1.19,1.69,11.94,16.93
51003,Albemarle,Piedmont,2023,black,709,231,1916,12.06,32.58,120.56,325.81
51003,Albemarle,Piedmont,2023,nhpi,709,3,0,Inf,0.42,Inf,4.23
51003,Albemarle,Piedmont,2023,white,709,442,15650,2.82,62.34,28.24,623.41
51540,Charlottesville,Piedmont,2023,all,239,239,7419,3.22,100,32.21,1000
51540,Charlottesville,Piedmont,2023,hispanic,239,34,928,3.66,14.23,36.64,142.26
51540,Charlottesville,Piedmont,2023,aian,239,0,0,NA,0,NA,0
51540,Charlottesville,Piedmont,2023,asian,239,5,358,1.4,2.09,13.97,20.92
51540,Charlottesville,Piedmont,2023,black,239,130,1725,7.54,54.39,75.36,543.93
51540,Charlottesville,Piedmont,2023,nhpi,239,1,0,Inf,0.42,Inf,4.18
51540,Charlottesville,Piedmont,2023,white,239,102,4289,2.38,42.68,23.78,426.78
51,Virginia,State,2023,all,54191,54191,1893985,2.86,100,28.61,1000
51,Virginia,State,2023,hispanic,54191,7094,294637,2.41,13.09,24.08,130.91
51,Virginia,State,2023,aian,54191,163,6083,2.68,0.3,26.8,3.01
51,Virginia,State,2023,asian,54191,1090,119515,0.91,2.01,9.12,20.11
51,Virginia,State,2023,black,54191,16273,364648,4.46,30.03,44.63,300.29
51,Virginia,State,2023,nhpi,54191,215,953,22.56,0.4,225.6,3.97
51,Virginia,State,2023,white,54191,35515,1027519,3.46,65.54,34.56,655.37
51003,Albemarle,Piedmont,2024,all,690,690,22438,3.08,100,30.75,1000
51003,Albemarle,Piedmont,2024,hispanic,690,131,2723,4.81,18.99,48.11,189.86
51003,Albemarle,Piedmont,2024,aian,690,5,104,4.81,0.72,48.08,7.25
51003,Albemarle,Piedmont,2024,asian,690,15,1106,1.36,2.17,13.56,21.74
51003,Albemarle,Piedmont,2024,black,690,222,2032,10.93,32.17,109.25,321.74
51003,Albemarle,Piedmont,2024,nhpi,690,5,0,Inf,0.72,Inf,7.25
51003,Albemarle,Piedmont,2024,white,690,443,15070,2.94,64.2,29.4,642.03
51540,Charlottesville,Piedmont,2024,all,270,270,7480,3.61,100,36.1,1000
51540,Charlottesville,Piedmont,2024,hispanic,270,44,924,4.76,16.3,47.62,162.96
51540,Charlottesville,Piedmont,2024,aian,270,0,0,NA,0,NA,0
51540,Charlottesville,Piedmont,2024,asian,270,7,354,1.98,2.59,19.77,25.93
51540,Charlottesville,Piedmont,2024,black,270,155,1309,11.84,57.41,118.41,574.07
51540,Charlottesville,Piedmont,2024,nhpi,270,2,0,Inf,0.74,Inf,7.41
51540,Charlottesville,Piedmont,2024,white,270,132,4137,3.19,48.89,31.91,488.89
51,Virginia,State,2024,all,53440,53440,1890833,2.83,100,28.26,1000
51,Virginia,State,2024,hispanic,53440,7280,302240,2.41,13.62,24.09,136.23
51,Virginia,State,2024,aian,53440,131,7122,1.84,0.25,18.39,2.45
51,Virginia,State,2024,asian,53440,1011,118575,0.85,1.89,8.53,18.92
51,Virginia,State,2024,black,53440,16710,356762,4.68,31.27,46.84,312.69
51,Virginia,State,2024,nhpi,53440,221,1119,19.75,0.41,197.5,4.14
51,Virginia,State,2024,white,53440,34253,988493,3.47,64.1,34.65,640.96
51003,Albemarle,Piedmont,2025,all,746,746,NA,NA,100,NA,1000
51003,Albemarle,Piedmont,2025,hispanic,746,143,NA,NA,19.17,NA,191.69
51003,Albemarle,Piedmont,2025,aian,746,4,NA,NA,0.54,NA,5.36
51003,Albemarle,Piedmont,2025,asian,746,16,NA,NA,2.14,NA,21.45
51003,Albemarle,Piedmont,2025,black,746,252,NA,NA,33.78,NA,337.8
51003,Albemarle,Piedmont,2025,nhpi,746,5,NA,NA,0.67,NA,6.7
51003,Albemarle,Piedmont,2025,white,746,500,NA,NA,67.02,NA,670.24
51540,Charlottesville,Piedmont,2025,all,373,373,NA,NA,100,NA,1000
51540,Charlottesville,Piedmont,2025,hispanic,373,37,NA,NA,9.92,NA,99.2
51540,Charlottesville,Piedmont,2025,aian,373,0,NA,NA,0,NA,0
51540,Charlottesville,Piedmont,2025,asian,373,16,NA,NA,4.29,NA,42.9
51540,Charlottesville,Piedmont,2025,black,373,225,NA,NA,60.32,NA,603.22
51540,Charlottesville,Piedmont,2025,nhpi,373,0,NA,NA,0,NA,0
51540,Charlottesville,Piedmont,2025,white,373,161,NA,NA,43.16,NA,431.64
51,Virginia,State,2025,all,55008,55008,NA,NA,100,NA,1000
51,Virginia,State,2025,hispanic,55008,7657,NA,NA,13.92,NA,139.2
51,Virginia,State,2025,aian,55008,186,NA,NA,0.34,NA,3.38
51,Virginia,State,2025,asian,55008,1240,NA,NA,2.25,NA,22.54
51,Virginia,State,2025,black,55008,17643,NA,NA,32.07,NA,320.74
51,Virginia,State,2025,nhpi,55008,226,NA,NA,0.41,NA,4.11
51,Virginia,State,2025,white,55008,34783,NA,NA,63.23,NA,632.33
