GEOID,NAME,year,total_16_19yr,laborforce_16_19yr,unemployed_16_19yr,per_laborforce_16_19yr,per_unemployed_16_19yr,locality,locality_num,tract,tractnames
51003011000,"Census Tract 110, Albemarle County, Virginia",2010,287,115,13,40.07,11.3,Albemarle,003,011000,Ivy
51003011100,"Census Tract 111, Albemarle County, Virginia",2010,314,117,37,37.26,31.62,NA,NA,NA,NA
51003011201,"Census Tract 112.01, Albemarle County, Virginia",2010,55,13,0,23.64,0,Albemarle,003,011201,"Yancey Mills, Batesville"
51003011202,"Census Tract 112.02, Albemarle County, Virginia",2010,93,78,0,83.87,0,Albemarle,003,011202,North Garden
51003011301,"Census Tract 113.01, Albemarle County, Virginia",2010,240,96,10,40,10.42,Albemarle,003,011301,"Monticello, Carters Mountain"
51003011302,"Census Tract 113.02, Albemarle County, Virginia",2010,222,147,33,66.22,22.45,Albemarle,003,011302,"Oak Hill, Southwood"
51003011303,"Census Tract 113.03, Albemarle County, Virginia",2010,135,24,0,17.78,0,Albemarle,003,011303,Avon Street Ext.-Mill Creek
51003011400,"Census Tract 114, Albemarle County, Virginia",2010,240,108,24,45,22.22,Albemarle,003,011400,Southern Albemarle-Scottsville
51003010100,"Census Tract 101, Albemarle County, Virginia",2010,142,24,8,16.9,33.33,Albemarle,003,010100,Free Union
51003010201,"Census Tract 102.01, Albemarle County, Virginia",2010,251,139,13,55.38,9.35,Albemarle,003,010201,Charlottesville-Albemarle Airport
51003010202,"Census Tract 102.02, Albemarle County, Virginia",2010,232,93,29,40.09,31.18,Albemarle,003,010202,Earlysville
51003010300,"Census Tract 103, Albemarle County, Virginia",2010,379,138,41,36.41,29.71,NA,NA,NA,NA
51003010401,"Census Tract 104.01, Albemarle County, Virginia",2010,178,66,0,37.08,0,Albemarle,003,010401,Stony Point-Keswick
51003010402,"Census Tract 104.02, Albemarle County, Virginia",2010,239,144,12,60.25,8.33,Albemarle,003,010402,Village of Rivanna
51003010500,"Census Tract 105, Albemarle County, Virginia",2010,134,81,22,60.45,27.16,NA,NA,NA,NA
51003010601,"Census Tract 106.01, Albemarle County, Virginia",2010,450,243,61,54,25.1,NA,NA,NA,NA
51003010602,"Census Tract 106.02, Albemarle County, Virginia",2010,141,73,0,51.77,0,Albemarle,003,010602,Dunlora-Stone Henge
51003010700,"Census Tract 107, Albemarle County, Virginia",2010,185,128,58,69.19,45.31,NA,NA,NA,NA
51003010800,"Census Tract 108, Albemarle County, Virginia",2010,117,84,0,71.79,0,NA,NA,NA,NA
51003010901,"Census Tract 109.01, Albemarle County, Virginia",2010,156,46,0,29.49,0,Albemarle,003,010901,Old Ivy-Darden School (UVA)
51003010902,"Census Tract 109.02, Albemarle County, Virginia",2010,1591,175,27,11,15.43,NA,NA,NA,NA
51003010903,"Census Tract 109.03, Albemarle County, Virginia",2010,1906,295,89,15.48,30.17,NA,NA,NA,NA
51540000201,"Census Tract 2.01, Charlottesville city, Virginia",2010,125,26,9,20.8,34.62,Charlottesville,540,000201,Rose Hill-Harris-Venable
51540000202,"Census Tract 2.02, Charlottesville city, Virginia",2010,536,109,0,20.34,0,Charlottesville,540,000202,10th & Page-Venable
51540000302,"Census Tract 3.02, Charlottesville city, Virginia",2010,32,0,0,0,NA,Charlottesville,540,000302,Woolen Mills
51540000401,"Census Tract 4.01, Charlottesville city, Virginia",2010,266,93,21,34.96,22.58,Charlottesville,540,000401,Ridge St.
51540000402,"Census Tract 4.02, Charlottesville city, Virginia",2010,257,109,0,42.41,0,Charlottesville,540,000402,Belmont
51540000501,"Census Tract 5.01, Charlottesville city, Virginia",2010,192,49,29,25.52,59.18,Charlottesville,540,000501,Fifeville-Cherry Avenue
51540000502,"Census Tract 5.02, Charlottesville city, Virginia",2010,203,121,13,59.61,10.74,Charlottesville,540,000502,Fry's Springs
51540000600,"Census Tract 6, Charlottesville city, Virginia",2010,1769,523,51,29.56,9.75,Charlottesville,540,000600,JPA-Fontaine
51540000700,"Census Tract 7, Charlottesville city, Virginia",2010,452,66,0,14.6,0,Charlottesville,540,000700,Barracks-Rugby
51540000800,"Census Tract 8, Charlottesville city, Virginia",2010,133,45,0,33.83,0,Charlottesville,540,000800,Greenbrier-Meadows
51540000900,"Census Tract 9, Charlottesville city, Virginia",2010,143,86,0,60.14,0,Charlottesville,540,000900,Locust Grove
51540001000,"Census Tract 10, Charlottesville city, Virginia",2010,27,0,0,0,NA,Charlottesville,540,001000,Downtown Area
51003010300,"Census Tract 103, Albemarle County, Virginia",2011,503,207,19,41.15,9.18,NA,NA,NA,NA
51003010902,"Census Tract 109.02, Albemarle County, Virginia",2011,1198,147,10,12.27,6.8,NA,NA,NA,NA
51003010500,"Census Tract 105, Albemarle County, Virginia",2011,175,100,38,57.14,38,NA,NA,NA,NA
51003010800,"Census Tract 108, Albemarle County, Virginia",2011,83,30,0,36.14,0,NA,NA,NA,NA
51003010901,"Census Tract 109.01, Albemarle County, Virginia",2011,222,67,0,30.18,0,Albemarle,003,010901,Old Ivy-Darden School (UVA)
51003011100,"Census Tract 111, Albemarle County, Virginia",2011,232,72,18,31.03,25,NA,NA,NA,NA
51003010700,"Census Tract 107, Albemarle County, Virginia",2011,231,71,36,30.74,50.7,NA,NA,NA,NA
51003011400,"Census Tract 114, Albemarle County, Virginia",2011,322,146,30,45.34,20.55,Albemarle,003,011400,Southern Albemarle-Scottsville
51003010903,"Census Tract 109.03, Albemarle County, Virginia",2011,1539,237,77,15.4,32.49,NA,NA,NA,NA
51540000502,"Census Tract 5.02, Charlottesville city, Virginia",2011,248,150,11,60.48,7.33,Charlottesville,540,000502,Fry's Springs
51540000201,"Census Tract 2.01, Charlottesville city, Virginia",2011,108,21,21,19.44,100,Charlottesville,540,000201,Rose Hill-Harris-Venable
51540000202,"Census Tract 2.02, Charlottesville city, Virginia",2011,482,62,11,12.86,17.74,Charlottesville,540,000202,10th & Page-Venable
51540000402,"Census Tract 4.02, Charlottesville city, Virginia",2011,276,135,16,48.91,11.85,Charlottesville,540,000402,Belmont
51540000302,"Census Tract 3.02, Charlottesville city, Virginia",2011,25,0,0,0,NA,Charlottesville,540,000302,Woolen Mills
51540000401,"Census Tract 4.01, Charlottesville city, Virginia",2011,244,83,0,34.02,0,Charlottesville,540,000401,Ridge St.
51540000900,"Census Tract 9, Charlottesville city, Virginia",2011,131,87,0,66.41,0,Charlottesville,540,000900,Locust Grove
51540000600,"Census Tract 6, Charlottesville city, Virginia",2011,1103,332,43,30.1,12.95,Charlottesville,540,000600,JPA-Fontaine
51540000800,"Census Tract 8, Charlottesville city, Virginia",2011,192,56,15,29.17,26.79,Charlottesville,540,000800,Greenbrier-Meadows
51540000501,"Census Tract 5.01, Charlottesville city, Virginia",2011,154,42,27,27.27,64.29,Charlottesville,540,000501,Fifeville-Cherry Avenue
51540000700,"Census Tract 7, Charlottesville city, Virginia",2011,428,79,41,18.46,51.9,Charlottesville,540,000700,Barracks-Rugby
51003010201,"Census Tract 102.01, Albemarle County, Virginia",2011,302,172,10,56.95,5.81,Albemarle,003,010201,Charlottesville-Albemarle Airport
51003010202,"Census Tract 102.02, Albemarle County, Virginia",2011,227,63,32,27.75,50.79,Albemarle,003,010202,Earlysville
51003010401,"Census Tract 104.01, Albemarle County, Virginia",2011,139,54,0,38.85,0,Albemarle,003,010401,Stony Point-Keswick
51003010402,"Census Tract 104.02, Albemarle County, Virginia",2011,271,154,18,56.83,11.69,Albemarle,003,010402,Village of Rivanna
51003010601,"Census Tract 106.01, Albemarle County, Virginia",2011,364,167,65,45.88,38.92,NA,NA,NA,NA
51003010602,"Census Tract 106.02, Albemarle County, Virginia",2011,178,86,0,48.31,0,Albemarle,003,010602,Dunlora-Stone Henge
51003011201,"Census Tract 112.01, Albemarle County, Virginia",2011,103,58,0,56.31,0,Albemarle,003,011201,"Yancey Mills, Batesville"
51003011202,"Census Tract 112.02, Albemarle County, Virginia",2011,161,48,7,29.81,14.58,Albemarle,003,011202,North Garden
51003011301,"Census Tract 113.01, Albemarle County, Virginia",2011,270,69,25,25.56,36.23,Albemarle,003,011301,"Monticello, Carters Mountain"
51003011302,"Census Tract 113.02, Albemarle County, Virginia",2011,264,154,34,58.33,22.08,Albemarle,003,011302,"Oak Hill, Southwood"
51003011303,"Census Tract 113.03, Albemarle County, Virginia",2011,119,0,0,0,NA,Albemarle,003,011303,Avon Street Ext.-Mill Creek
51540001000,"Census Tract 10, Charlottesville city, Virginia",2011,68,17,0,25,0,Charlottesville,540,001000,Downtown Area
51003011000,"Census Tract 110, Albemarle County, Virginia",2011,281,95,22,33.81,23.16,Albemarle,003,011000,Ivy
51003010100,"Census Tract 101, Albemarle County, Virginia",2011,247,30,0,12.15,0,Albemarle,003,010100,Free Union
51003010201,"Census Tract 102.01, Albemarle County, Virginia",2012,277,150,11,54.15,7.33,Albemarle,003,010201,Charlottesville-Albemarle Airport
51003010202,"Census Tract 102.02, Albemarle County, Virginia",2012,184,58,8,31.52,13.79,Albemarle,003,010202,Earlysville
51003010401,"Census Tract 104.01, Albemarle County, Virginia",2012,131,35,0,26.72,0,Albemarle,003,010401,Stony Point-Keswick
51003010402,"Census Tract 104.02, Albemarle County, Virginia",2012,136,73,14,53.68,19.18,Albemarle,003,010402,Village of Rivanna
51003010601,"Census Tract 106.01, Albemarle County, Virginia",2012,250,58,0,23.2,0,NA,NA,NA,NA
51003010602,"Census Tract 106.02, Albemarle County, Virginia",2012,130,32,13,24.62,40.62,Albemarle,003,010602,Dunlora-Stone Henge
51003011201,"Census Tract 112.01, Albemarle County, Virginia",2012,120,60,0,50,0,Albemarle,003,011201,"Yancey Mills, Batesville"
51003011202,"Census Tract 112.02, Albemarle County, Virginia",2012,214,62,13,28.97,20.97,Albemarle,003,011202,North Garden
51003011301,"Census Tract 113.01, Albemarle County, Virginia",2012,270,62,21,22.96,33.87,Albemarle,003,011301,"Monticello, Carters Mountain"
51003011302,"Census Tract 113.02, Albemarle County, Virginia",2012,224,64,41,28.57,64.06,Albemarle,003,011302,"Oak Hill, Southwood"
51003011303,"Census Tract 113.03, Albemarle County, Virginia",2012,120,0,0,0,NA,Albemarle,003,011303,Avon Street Ext.-Mill Creek
51003010700,"Census Tract 107, Albemarle County, Virginia",2012,224,55,37,24.55,67.27,NA,NA,NA,NA
51003011400,"Census Tract 114, Albemarle County, Virginia",2012,281,131,0,46.62,0,Albemarle,003,011400,Southern Albemarle-Scottsville
51003010903,"Census Tract 109.03, Albemarle County, Virginia",2012,1953,416,130,21.3,31.25,NA,NA,NA,NA
51540000502,"Census Tract 5.02, Charlottesville city, Virginia",2012,222,143,18,64.41,12.59,Charlottesville,540,000502,Fry's Springs
51540000201,"Census Tract 2.01, Charlottesville city, Virginia",2012,67,19,19,28.36,100,Charlottesville,540,000201,Rose Hill-Harris-Venable
51540000202,"Census Tract 2.02, Charlottesville city, Virginia",2012,547,102,11,18.65,10.78,Charlottesville,540,000202,10th & Page-Venable
51540000402,"Census Tract 4.02, Charlottesville city, Virginia",2012,230,92,20,40,21.74,Charlottesville,540,000402,Belmont
51540000302,"Census Tract 3.02, Charlottesville city, Virginia",2012,55,31,0,56.36,0,Charlottesville,540,000302,Woolen Mills
51540000401,"Census Tract 4.01, Charlottesville city, Virginia",2012,230,41,0,17.83,0,Charlottesville,540,000401,Ridge St.
51540000900,"Census Tract 9, Charlottesville city, Virginia",2012,126,82,7,65.08,8.54,Charlottesville,540,000900,Locust Grove
51540000600,"Census Tract 6, Charlottesville city, Virginia",2012,808,239,27,29.58,11.3,Charlottesville,540,000600,JPA-Fontaine
51540000800,"Census Tract 8, Charlottesville city, Virginia",2012,182,57,19,31.32,33.33,Charlottesville,540,000800,Greenbrier-Meadows
51540000501,"Census Tract 5.01, Charlottesville city, Virginia",2012,192,42,30,21.88,71.43,Charlottesville,540,000501,Fifeville-Cherry Avenue
51540000700,"Census Tract 7, Charlottesville city, Virginia",2012,380,71,23,18.68,32.39,Charlottesville,540,000700,Barracks-Rugby
51003011000,"Census Tract 110, Albemarle County, Virginia",2012,225,28,0,12.44,0,Albemarle,003,011000,Ivy
51003010100,"Census Tract 101, Albemarle County, Virginia",2012,287,50,0,17.42,0,Albemarle,003,010100,Free Union
51540001000,"Census Tract 10, Charlottesville city, Virginia",2012,66,18,0,27.27,0,Charlottesville,540,001000,Downtown Area
51003010300,"Census Tract 103, Albemarle County, Virginia",2012,501,186,18,37.13,9.68,NA,NA,NA,NA
51003010902,"Census Tract 109.02, Albemarle County, Virginia",2012,1446,202,37,13.97,18.32,NA,NA,NA,NA
51003010500,"Census Tract 105, Albemarle County, Virginia",2012,216,145,44,67.13,30.34,NA,NA,NA,NA
51003010800,"Census Tract 108, Albemarle County, Virginia",2012,172,90,0,52.33,0,NA,NA,NA,NA
51003010901,"Census Tract 109.01, Albemarle County, Virginia",2012,225,52,10,23.11,19.23,Albemarle,003,010901,Old Ivy-Darden School (UVA)
51003011100,"Census Tract 111, Albemarle County, Virginia",2012,238,72,17,30.25,23.61,NA,NA,NA,NA
51003010700,"Census Tract 107, Albemarle County, Virginia",2013,236,82,14,34.75,17.07,NA,NA,NA,NA
51003011400,"Census Tract 114, Albemarle County, Virginia",2013,181,39,0,21.55,0,Albemarle,003,011400,Southern Albemarle-Scottsville
51003010903,"Census Tract 109.03, Albemarle County, Virginia",2013,2335,330,83,14.13,25.15,NA,NA,NA,NA
51540000502,"Census Tract 5.02, Charlottesville city, Virginia",2013,187,114,21,60.96,18.42,Charlottesville,540,000502,Fry's Springs
51540000201,"Census Tract 2.01, Charlottesville city, Virginia",2013,71,19,16,26.76,84.21,Charlottesville,540,000201,Rose Hill-Harris-Venable
51540000202,"Census Tract 2.02, Charlottesville city, Virginia",2013,774,95,16,12.27,16.84,Charlottesville,540,000202,10th & Page-Venable
51540000402,"Census Tract 4.02, Charlottesville city, Virginia",2013,172,33,16,19.19,48.48,Charlottesville,540,000402,Belmont
51540000302,"Census Tract 3.02, Charlottesville city, Virginia",2013,54,41,0,75.93,0,Charlottesville,540,000302,Woolen Mills
51540000401,"Census Tract 4.01, Charlottesville city, Virginia",2013,181,30,0,16.57,0,Charlottesville,540,000401,Ridge St.
51540000900,"Census Tract 9, Charlottesville city, Virginia",2013,96,45,4,46.88,8.89,Charlottesville,540,000900,Locust Grove
51540000600,"Census Tract 6, Charlottesville city, Virginia",2013,814,244,33,29.98,13.52,Charlottesville,540,000600,JPA-Fontaine
51540000800,"Census Tract 8, Charlottesville city, Virginia",2013,165,31,15,18.79,48.39,Charlottesville,540,000800,Greenbrier-Meadows
51540000501,"Census Tract 5.01, Charlottesville city, Virginia",2013,206,43,23,20.87,53.49,Charlottesville,540,000501,Fifeville-Cherry Avenue
51540000700,"Census Tract 7, Charlottesville city, Virginia",2013,349,53,14,15.19,26.42,Charlottesville,540,000700,Barracks-Rugby
51003010201,"Census Tract 102.01, Albemarle County, Virginia",2013,229,122,6,53.28,4.92,Albemarle,003,010201,Charlottesville-Albemarle Airport
51003010202,"Census Tract 102.02, Albemarle County, Virginia",2013,171,27,8,15.79,29.63,Albemarle,003,010202,Earlysville
51003010401,"Census Tract 104.01, Albemarle County, Virginia",2013,119,23,4,19.33,17.39,Albemarle,003,010401,Stony Point-Keswick
51003010402,"Census Tract 104.02, Albemarle County, Virginia",2013,194,70,12,36.08,17.14,Albemarle,003,010402,Village of Rivanna
51003010601,"Census Tract 106.01, Albemarle County, Virginia",2013,164,38,0,23.17,0,NA,NA,NA,NA
51003010602,"Census Tract 106.02, Albemarle County, Virginia",2013,116,20,7,17.24,35,Albemarle,003,010602,Dunlora-Stone Henge
51003011201,"Census Tract 112.01, Albemarle County, Virginia",2013,108,34,0,31.48,0,Albemarle,003,011201,"Yancey Mills, Batesville"
51003011202,"Census Tract 112.02, Albemarle County, Virginia",2013,175,19,8,10.86,42.11,Albemarle,003,011202,North Garden
51003011301,"Census Tract 113.01, Albemarle County, Virginia",2013,279,62,18,22.22,29.03,Albemarle,003,011301,"Monticello, Carters Mountain"
51003011302,"Census Tract 113.02, Albemarle County, Virginia",2013,211,59,27,27.96,45.76,Albemarle,003,011302,"Oak Hill, Southwood"
51003011303,"Census Tract 113.03, Albemarle County, Virginia",2013,63,10,5,15.87,50,Albemarle,003,011303,Avon Street Ext.-Mill Creek
51540001000,"Census Tract 10, Charlottesville city, Virginia",2013,44,12,0,27.27,0,Charlottesville,540,001000,Downtown Area
51003011000,"Census Tract 110, Albemarle County, Virginia",2013,294,23,0,7.82,0,Albemarle,003,011000,Ivy
51003010100,"Census Tract 101, Albemarle County, Virginia",2013,213,29,0,13.62,0,Albemarle,003,010100,Free Union
51003010300,"Census Tract 103, Albemarle County, Virginia",2013,379,121,18,31.93,14.88,NA,NA,NA,NA
51003010902,"Census Tract 109.02, Albemarle County, Virginia",2013,1497,184,13,12.29,7.07,NA,NA,NA,NA
51003010500,"Census Tract 105, Albemarle County, Virginia",2013,276,134,50,48.55,37.31,NA,NA,NA,NA
51003010800,"Census Tract 108, Albemarle County, Virginia",2013,111,52,0,46.85,0,NA,NA,NA,NA
51003010901,"Census Tract 109.01, Albemarle County, Virginia",2013,298,68,8,22.82,11.76,Albemarle,003,010901,Old Ivy-Darden School (UVA)
51003011100,"Census Tract 111, Albemarle County, Virginia",2013,291,76,12,26.12,15.79,NA,NA,NA,NA
51003011000,"Census Tract 110, Albemarle County, Virginia",2014,397,25,0,6.3,0,Albemarle,003,011000,Ivy
51003010100,"Census Tract 101, Albemarle County, Virginia",2014,183,35,15,19.13,42.86,Albemarle,003,010100,Free Union
51003010300,"Census Tract 103, Albemarle County, Virginia",2014,505,162,14,32.08,8.64,NA,NA,NA,NA
51003010902,"Census Tract 109.02, Albemarle County, Virginia",2014,1516,196,25,12.93,12.76,NA,NA,NA,NA
51003010500,"Census Tract 105, Albemarle County, Virginia",2014,281,57,16,20.28,28.07,NA,NA,NA,NA
51003010800,"Census Tract 108, Albemarle County, Virginia",2014,108,70,20,64.81,28.57,NA,NA,NA,NA
51003010901,"Census Tract 109.01, Albemarle County, Virginia",2014,309,76,7,24.6,9.21,Albemarle,003,010901,Old Ivy-Darden School (UVA)
51003011100,"Census Tract 111, Albemarle County, Virginia",2014,284,136,21,47.89,15.44,NA,NA,NA,NA
51003010700,"Census Tract 107, Albemarle County, Virginia",2014,191,84,20,43.98,23.81,NA,NA,NA,NA
51003011400,"Census Tract 114, Albemarle County, Virginia",2014,231,50,14,21.65,28,Albemarle,003,011400,Southern Albemarle-Scottsville
51003010903,"Census Tract 109.03, Albemarle County, Virginia",2014,2646,385,135,14.55,35.06,NA,NA,NA,NA
51540000502,"Census Tract 5.02, Charlottesville city, Virginia",2014,156,126,32,80.77,25.4,Charlottesville,540,000502,Fry's Springs
51540000201,"Census Tract 2.01, Charlottesville city, Virginia",2014,138,47,18,34.06,38.3,Charlottesville,540,000201,Rose Hill-Harris-Venable
51540000202,"Census Tract 2.02, Charlottesville city, Virginia",2014,715,140,0,19.58,0,Charlottesville,540,000202,10th & Page-Venable
51540000402,"Census Tract 4.02, Charlottesville city, Virginia",2014,198,47,27,23.74,57.45,Charlottesville,540,000402,Belmont
51540000302,"Census Tract 3.02, Charlottesville city, Virginia",2014,59,38,0,64.41,0,Charlottesville,540,000302,Woolen Mills
51540000401,"Census Tract 4.01, Charlottesville city, Virginia",2014,165,41,0,24.85,0,Charlottesville,540,000401,Ridge St.
51540000900,"Census Tract 9, Charlottesville city, Virginia",2014,30,3,3,10,100,Charlottesville,540,000900,Locust Grove
51540000600,"Census Tract 6, Charlottesville city, Virginia",2014,763,202,3,26.47,1.49,Charlottesville,540,000600,JPA-Fontaine
51540000800,"Census Tract 8, Charlottesville city, Virginia",2014,139,23,17,16.55,73.91,Charlottesville,540,000800,Greenbrier-Meadows
51540000501,"Census Tract 5.01, Charlottesville city, Virginia",2014,205,55,35,26.83,63.64,Charlottesville,540,000501,Fifeville-Cherry Avenue
51540000700,"Census Tract 7, Charlottesville city, Virginia",2014,405,95,18,23.46,18.95,Charlottesville,540,000700,Barracks-Rugby
51003010201,"Census Tract 102.01, Albemarle County, Virginia",2014,256,91,0,35.55,0,Albemarle,003,010201,Charlottesville-Albemarle Airport
51003010202,"Census Tract 102.02, Albemarle County, Virginia",2014,118,9,0,7.63,0,Albemarle,003,010202,Earlysville
51003010401,"Census Tract 104.01, Albemarle County, Virginia",2014,95,31,8,32.63,25.81,Albemarle,003,010401,Stony Point-Keswick
51003010402,"Census Tract 104.02, Albemarle County, Virginia",2014,172,55,12,31.98,21.82,Albemarle,003,010402,Village of Rivanna
51003010601,"Census Tract 106.01, Albemarle County, Virginia",2014,200,51,0,25.5,0,NA,NA,NA,NA
51003010602,"Census Tract 106.02, Albemarle County, Virginia",2014,111,24,12,21.62,50,Albemarle,003,010602,Dunlora-Stone Henge
51003011201,"Census Tract 112.01, Albemarle County, Virginia",2014,114,38,0,33.33,0,Albemarle,003,011201,"Yancey Mills, Batesville"
51003011202,"Census Tract 112.02, Albemarle County, Virginia",2014,210,17,6,8.1,35.29,Albemarle,003,011202,North Garden
51003011301,"Census Tract 113.01, Albemarle County, Virginia",2014,241,43,14,17.84,32.56,Albemarle,003,011301,"Monticello, Carters Mountain"
51003011302,"Census Tract 113.02, Albemarle County, Virginia",2014,236,85,0,36.02,0,Albemarle,003,011302,"Oak Hill, Southwood"
51003011303,"Census Tract 113.03, Albemarle County, Virginia",2014,76,18,8,23.68,44.44,Albemarle,003,011303,Avon Street Ext.-Mill Creek
51540001000,"Census Tract 10, Charlottesville city, Virginia",2014,44,12,0,27.27,0,Charlottesville,540,001000,Downtown Area
51003010700,"Census Tract 107, Albemarle County, Virginia",2015,195,81,17,41.54,20.99,NA,NA,NA,NA
51003011400,"Census Tract 114, Albemarle County, Virginia",2015,215,90,8,41.86,8.89,Albemarle,003,011400,Southern Albemarle-Scottsville
51003010903,"Census Tract 109.03, Albemarle County, Virginia",2015,2577,354,59,13.74,16.67,NA,NA,NA,NA
51540000502,"Census Tract 5.02, Charlottesville city, Virginia",2015,159,122,0,76.73,0,Charlottesville,540,000502,Fry's Springs
51540000201,"Census Tract 2.01, Charlottesville city, Virginia",2015,167,50,16,29.94,32,Charlottesville,540,000201,Rose Hill-Harris-Venable
51540000202,"Census Tract 2.02, Charlottesville city, Virginia",2015,714,157,2,21.99,1.27,Charlottesville,540,000202,10th & Page-Venable
51003010201,"Census Tract 102.01, Albemarle County, Virginia",2015,211,77,0,36.49,0,Albemarle,003,010201,Charlottesville-Albemarle Airport
51003010202,"Census Tract 102.02, Albemarle County, Virginia",2015,108,32,0,29.63,0,Albemarle,003,010202,Earlysville
51003010401,"Census Tract 104.01, Albemarle County, Virginia",2015,73,18,4,24.66,22.22,Albemarle,003,010401,Stony Point-Keswick
51003010402,"Census Tract 104.02, Albemarle County, Virginia",2015,144,37,20,25.69,54.05,Albemarle,003,010402,Village of Rivanna
51003010601,"Census Tract 106.01, Albemarle County, Virginia",2015,125,53,0,42.4,0,NA,NA,NA,NA
51540000402,"Census Tract 4.02, Charlottesville city, Virginia",2015,176,24,24,13.64,100,Charlottesville,540,000402,Belmont
51540000302,"Census Tract 3.02, Charlottesville city, Virginia",2015,52,30,0,57.69,0,Charlottesville,540,000302,Woolen Mills
51540000401,"Census Tract 4.01, Charlottesville city, Virginia",2015,221,39,0,17.65,0,Charlottesville,540,000401,Ridge St.
51540000900,"Census Tract 9, Charlottesville city, Virginia",2015,46,3,3,6.52,100,Charlottesville,540,000900,Locust Grove
51540000600,"Census Tract 6, Charlottesville city, Virginia",2015,648,245,20,37.81,8.16,Charlottesville,540,000600,JPA-Fontaine
51540000800,"Census Tract 8, Charlottesville city, Virginia",2015,93,25,10,26.88,40,Charlottesville,540,000800,Greenbrier-Meadows
51540000501,"Census Tract 5.01, Charlottesville city, Virginia",2015,90,35,21,38.89,60,Charlottesville,540,000501,Fifeville-Cherry Avenue
51540000700,"Census Tract 7, Charlottesville city, Virginia",2015,403,105,27,26.05,25.71,Charlottesville,540,000700,Barracks-Rugby
51003010602,"Census Tract 106.02, Albemarle County, Virginia",2015,76,7,7,9.21,100,Albemarle,003,010602,Dunlora-Stone Henge
51003011201,"Census Tract 112.01, Albemarle County, Virginia",2015,168,56,0,33.33,0,Albemarle,003,011201,"Yancey Mills, Batesville"
51003011202,"Census Tract 112.02, Albemarle County, Virginia",2015,198,49,2,24.75,4.08,Albemarle,003,011202,North Garden
51003011301,"Census Tract 113.01, Albemarle County, Virginia",2015,131,46,6,35.11,13.04,Albemarle,003,011301,"Monticello, Carters Mountain"
51003011302,"Census Tract 113.02, Albemarle County, Virginia",2015,240,87,0,36.25,0,Albemarle,003,011302,"Oak Hill, Southwood"
51003011303,"Census Tract 113.03, Albemarle County, Virginia",2015,72,12,8,16.67,66.67,Albemarle,003,011303,Avon Street Ext.-Mill Creek
51540001000,"Census Tract 10, Charlottesville city, Virginia",2015,50,14,0,28,0,Charlottesville,540,001000,Downtown Area
51003011000,"Census Tract 110, Albemarle County, Virginia",2015,450,53,0,11.78,0,Albemarle,003,011000,Ivy
51003010100,"Census Tract 101, Albemarle County, Virginia",2015,209,38,13,18.18,34.21,Albemarle,003,010100,Free Union
51003010300,"Census Tract 103, Albemarle County, Virginia",2015,409,152,0,37.16,0,NA,NA,NA,NA
51003010902,"Census Tract 109.02, Albemarle County, Virginia",2015,1533,267,26,17.42,9.74,NA,NA,NA,NA
51003010500,"Census Tract 105, Albemarle County, Virginia",2015,184,25,7,13.59,28,NA,NA,NA,NA
51003010800,"Census Tract 108, Albemarle County, Virginia",2015,91,63,17,69.23,26.98,NA,NA,NA,NA
51003010901,"Census Tract 109.01, Albemarle County, Virginia",2015,272,55,7,20.22,12.73,Albemarle,003,010901,Old Ivy-Darden School (UVA)
51003011100,"Census Tract 111, Albemarle County, Virginia",2015,272,93,0,34.19,0,NA,NA,NA,NA
51003010700,"Census Tract 107, Albemarle County, Virginia",2016,149,79,0,53.02,0,NA,NA,NA,NA
51003011400,"Census Tract 114, Albemarle County, Virginia",2016,226,106,15,46.9,14.15,Albemarle,003,011400,Southern Albemarle-Scottsville
51003010903,"Census Tract 109.03, Albemarle County, Virginia",2016,2613,415,44,15.88,10.6,NA,NA,NA,NA
51003011000,"Census Tract 110, Albemarle County, Virginia",2016,407,37,0,9.09,0,Albemarle,003,011000,Ivy
51003010100,"Census Tract 101, Albemarle County, Virginia",2016,209,40,11,19.14,27.5,Albemarle,003,010100,Free Union
51540001000,"Census Tract 10, Charlottesville city, Virginia",2016,51,10,0,19.61,0,Charlottesville,540,001000,Downtown Area
51003010300,"Census Tract 103, Albemarle County, Virginia",2016,416,145,0,34.86,0,NA,NA,NA,NA
51003010902,"Census Tract 109.02, Albemarle County, Virginia",2016,1679,292,30,17.39,10.27,NA,NA,NA,NA
51003010500,"Census Tract 105, Albemarle County, Virginia",2016,188,33,0,17.55,0,NA,NA,NA,NA
51003010800,"Census Tract 108, Albemarle County, Virginia",2016,69,52,24,75.36,46.15,NA,NA,NA,NA
51003010901,"Census Tract 109.01, Albemarle County, Virginia",2016,406,71,7,17.49,9.86,Albemarle,003,010901,Old Ivy-Darden School (UVA)
51003011100,"Census Tract 111, Albemarle County, Virginia",2016,401,104,0,25.94,0,NA,NA,NA,NA
51540000502,"Census Tract 5.02, Charlottesville city, Virginia",2016,73,6,0,8.22,0,Charlottesville,540,000502,Fry's Springs
51540000201,"Census Tract 2.01, Charlottesville city, Virginia",2016,209,96,50,45.93,52.08,Charlottesville,540,000201,Rose Hill-Harris-Venable
51540000202,"Census Tract 2.02, Charlottesville city, Virginia",2016,557,126,2,22.62,1.59,Charlottesville,540,000202,10th & Page-Venable
51540000402,"Census Tract 4.02, Charlottesville city, Virginia",2016,121,12,12,9.92,100,Charlottesville,540,000402,Belmont
51540000302,"Census Tract 3.02, Charlottesville city, Virginia",2016,36,18,0,50,0,Charlottesville,540,000302,Woolen Mills
51540000401,"Census Tract 4.01, Charlottesville city, Virginia",2016,228,43,0,18.86,0,Charlottesville,540,000401,Ridge St.
51540000900,"Census Tract 9, Charlottesville city, Virginia",2016,119,75,30,63.03,40,Charlottesville,540,000900,Locust Grove
51540000600,"Census Tract 6, Charlottesville city, Virginia",2016,501,176,21,35.13,11.93,Charlottesville,540,000600,JPA-Fontaine
51540000800,"Census Tract 8, Charlottesville city, Virginia",2016,96,16,0,16.67,0,Charlottesville,540,000800,Greenbrier-Meadows
51540000501,"Census Tract 5.01, Charlottesville city, Virginia",2016,106,26,15,24.53,57.69,Charlottesville,540,000501,Fifeville-Cherry Avenue
51003010201,"Census Tract 102.01, Albemarle County, Virginia",2016,220,64,0,29.09,0,Albemarle,003,010201,Charlottesville-Albemarle Airport
51003010202,"Census Tract 102.02, Albemarle County, Virginia",2016,135,33,0,24.44,0,Albemarle,003,010202,Earlysville
51003010401,"Census Tract 104.01, Albemarle County, Virginia",2016,83,12,6,14.46,50,Albemarle,003,010401,Stony Point-Keswick
51003010402,"Census Tract 104.02, Albemarle County, Virginia",2016,107,32,12,29.91,37.5,Albemarle,003,010402,Village of Rivanna
51003010601,"Census Tract 106.01, Albemarle County, Virginia",2016,91,32,0,35.16,0,NA,NA,NA,NA
51003010602,"Census Tract 106.02, Albemarle County, Virginia",2016,90,6,6,6.67,100,Albemarle,003,010602,Dunlora-Stone Henge
51003011201,"Census Tract 112.01, Albemarle County, Virginia",2016,140,41,0,29.29,0,Albemarle,003,011201,"Yancey Mills, Batesville"
51003011202,"Census Tract 112.02, Albemarle County, Virginia",2016,182,53,0,29.12,0,Albemarle,003,011202,North Garden
51003011301,"Census Tract 113.01, Albemarle County, Virginia",2016,111,46,0,41.44,0,Albemarle,003,011301,"Monticello, Carters Mountain"
51003011302,"Census Tract 113.02, Albemarle County, Virginia",2016,234,96,0,41.03,0,Albemarle,003,011302,"Oak Hill, Southwood"
51003011303,"Census Tract 113.03, Albemarle County, Virginia",2016,93,52,11,55.91,21.15,Albemarle,003,011303,Avon Street Ext.-Mill Creek
51540000700,"Census Tract 7, Charlottesville city, Virginia",2016,348,128,37,36.78,28.91,Charlottesville,540,000700,Barracks-Rugby
51003010201,"Census Tract 102.01, Albemarle County, Virginia",2017,283,76,0,26.86,0,Albemarle,003,010201,Charlottesville-Albemarle Airport
51003010202,"Census Tract 102.02, Albemarle County, Virginia",2017,157,23,0,14.65,0,Albemarle,003,010202,Earlysville
51003010401,"Census Tract 104.01, Albemarle County, Virginia",2017,106,39,33,36.79,84.62,Albemarle,003,010401,Stony Point-Keswick
51003010402,"Census Tract 104.02, Albemarle County, Virginia",2017,141,35,19,24.82,54.29,Albemarle,003,010402,Village of Rivanna
51003010601,"Census Tract 106.01, Albemarle County, Virginia",2017,94,43,0,45.74,0,NA,NA,NA,NA
51003010602,"Census Tract 106.02, Albemarle County, Virginia",2017,105,7,0,6.67,0,Albemarle,003,010602,Dunlora-Stone Henge
51003011201,"Census Tract 112.01, Albemarle County, Virginia",2017,213,96,0,45.07,0,Albemarle,003,011201,"Yancey Mills, Batesville"
51003011202,"Census Tract 112.02, Albemarle County, Virginia",2017,176,47,0,26.7,0,Albemarle,003,011202,North Garden
51003011301,"Census Tract 113.01, Albemarle County, Virginia",2017,138,57,0,41.3,0,Albemarle,003,011301,"Monticello, Carters Mountain"
51003011302,"Census Tract 113.02, Albemarle County, Virginia",2017,207,89,0,43,0,Albemarle,003,011302,"Oak Hill, Southwood"
51003011303,"Census Tract 113.03, Albemarle County, Virginia",2017,120,72,11,60,15.28,Albemarle,003,011303,Avon Street Ext.-Mill Creek
51003010700,"Census Tract 107, Albemarle County, Virginia",2017,173,76,0,43.93,0,NA,NA,NA,NA
51003011400,"Census Tract 114, Albemarle County, Virginia",2017,323,101,15,31.27,14.85,Albemarle,003,011400,Southern Albemarle-Scottsville
51003010903,"Census Tract 109.03, Albemarle County, Virginia",2017,2445,338,29,13.82,8.58,NA,NA,NA,NA
51540001000,"Census Tract 10, Charlottesville city, Virginia",2017,47,9,0,19.15,0,Charlottesville,540,001000,Downtown Area
51003011000,"Census Tract 110, Albemarle County, Virginia",2017,364,59,0,16.21,0,Albemarle,003,011000,Ivy
51003010100,"Census Tract 101, Albemarle County, Virginia",2017,223,41,12,18.39,29.27,Albemarle,003,010100,Free Union
51003010300,"Census Tract 103, Albemarle County, Virginia",2017,317,127,0,40.06,0,NA,NA,NA,NA
51003010902,"Census Tract 109.02, Albemarle County, Virginia",2017,1636,238,15,14.55,6.3,NA,NA,NA,NA
51003010500,"Census Tract 105, Albemarle County, Virginia",2017,148,19,0,12.84,0,NA,NA,NA,NA
51003010800,"Census Tract 108, Albemarle County, Virginia",2017,109,66,23,60.55,34.85,NA,NA,NA,NA
51003010901,"Census Tract 109.01, Albemarle County, Virginia",2017,412,81,1,19.66,1.23,Albemarle,003,010901,Old Ivy-Darden School (UVA)
51003011100,"Census Tract 111, Albemarle County, Virginia",2017,412,96,0,23.3,0,NA,NA,NA,NA
51540000502,"Census Tract 5.02, Charlottesville city, Virginia",2017,62,18,0,29.03,0,Charlottesville,540,000502,Fry's Springs
51540000201,"Census Tract 2.01, Charlottesville city, Virginia",2017,191,76,21,39.79,27.63,Charlottesville,540,000201,Rose Hill-Harris-Venable
51540000202,"Census Tract 2.02, Charlottesville city, Virginia",2017,893,154,6,17.25,3.9,Charlottesville,540,000202,10th & Page-Venable
51540000402,"Census Tract 4.02, Charlottesville city, Virginia",2017,131,35,35,26.72,100,Charlottesville,540,000402,Belmont
51540000302,"Census Tract 3.02, Charlottesville city, Virginia",2017,58,13,0,22.41,0,Charlottesville,540,000302,Woolen Mills
51540000401,"Census Tract 4.01, Charlottesville city, Virginia",2017,107,0,0,0,NA,Charlottesville,540,000401,Ridge St.
51540000900,"Census Tract 9, Charlottesville city, Virginia",2017,103,61,11,59.22,18.03,Charlottesville,540,000900,Locust Grove
51540000600,"Census Tract 6, Charlottesville city, Virginia",2017,715,196,16,27.41,8.16,Charlottesville,540,000600,JPA-Fontaine
51540000800,"Census Tract 8, Charlottesville city, Virginia",2017,116,18,5,15.52,27.78,Charlottesville,540,000800,Greenbrier-Meadows
51540000501,"Census Tract 5.01, Charlottesville city, Virginia",2017,111,21,11,18.92,52.38,Charlottesville,540,000501,Fifeville-Cherry Avenue
51540000700,"Census Tract 7, Charlottesville city, Virginia",2017,529,141,36,26.65,25.53,Charlottesville,540,000700,Barracks-Rugby
51003010201,"Census Tract 102.01, Albemarle County, Virginia",2018,285,97,0,34.04,0,Albemarle,003,010201,Charlottesville-Albemarle Airport
51003010202,"Census Tract 102.02, Albemarle County, Virginia",2018,169,50,0,29.59,0,Albemarle,003,010202,Earlysville
51003010401,"Census Tract 104.01, Albemarle County, Virginia",2018,112,47,40,41.96,85.11,Albemarle,003,010401,Stony Point-Keswick
51003010402,"Census Tract 104.02, Albemarle County, Virginia",2018,85,27,18,31.76,66.67,Albemarle,003,010402,Village of Rivanna
51003010601,"Census Tract 106.01, Albemarle County, Virginia",2018,97,25,0,25.77,0,NA,NA,NA,NA
51003010602,"Census Tract 106.02, Albemarle County, Virginia",2018,134,41,0,30.6,0,Albemarle,003,010602,Dunlora-Stone Henge
51003011201,"Census Tract 112.01, Albemarle County, Virginia",2018,211,94,0,44.55,0,Albemarle,003,011201,"Yancey Mills, Batesville"
51003011202,"Census Tract 112.02, Albemarle County, Virginia",2018,177,60,8,33.9,13.33,Albemarle,003,011202,North Garden
51003011301,"Census Tract 113.01, Albemarle County, Virginia",2018,189,147,0,77.78,0,Albemarle,003,011301,"Monticello, Carters Mountain"
51003011302,"Census Tract 113.02, Albemarle County, Virginia",2018,332,118,0,35.54,0,Albemarle,003,011302,"Oak Hill, Southwood"
51003011303,"Census Tract 113.03, Albemarle County, Virginia",2018,118,86,0,72.88,0,Albemarle,003,011303,Avon Street Ext.-Mill Creek
51003011000,"Census Tract 110, Albemarle County, Virginia",2018,266,61,0,22.93,0,Albemarle,003,011000,Ivy
51003010100,"Census Tract 101, Albemarle County, Virginia",2018,245,48,24,19.59,50,Albemarle,003,010100,Free Union
51003010300,"Census Tract 103, Albemarle County, Virginia",2018,385,163,0,42.34,0,NA,NA,NA,NA
51003010902,"Census Tract 109.02, Albemarle County, Virginia",2018,1713,301,15,17.57,4.98,NA,NA,NA,NA
51003010500,"Census Tract 105, Albemarle County, Virginia",2018,106,53,0,50,0,NA,NA,NA,NA
51003010800,"Census Tract 108, Albemarle County, Virginia",2018,151,95,33,62.91,34.74,NA,NA,NA,NA
51003010901,"Census Tract 109.01, Albemarle County, Virginia",2018,294,51,6,17.35,11.76,Albemarle,003,010901,Old Ivy-Darden School (UVA)
51003011100,"Census Tract 111, Albemarle County, Virginia",2018,340,39,0,11.47,0,NA,NA,NA,NA
51540000502,"Census Tract 5.02, Charlottesville city, Virginia",2018,80,36,0,45,0,Charlottesville,540,000502,Fry's Springs
51540000201,"Census Tract 2.01, Charlottesville city, Virginia",2018,260,106,21,40.77,19.81,Charlottesville,540,000201,Rose Hill-Harris-Venable
51540000202,"Census Tract 2.02, Charlottesville city, Virginia",2018,852,155,12,18.19,7.74,Charlottesville,540,000202,10th & Page-Venable
51540000402,"Census Tract 4.02, Charlottesville city, Virginia",2018,85,18,18,21.18,100,Charlottesville,540,000402,Belmont
51540000302,"Census Tract 3.02, Charlottesville city, Virginia",2018,52,15,0,28.85,0,Charlottesville,540,000302,Woolen Mills
51540000401,"Census Tract 4.01, Charlottesville city, Virginia",2018,146,0,0,0,NA,Charlottesville,540,000401,Ridge St.
51540000900,"Census Tract 9, Charlottesville city, Virginia",2018,137,75,24,54.74,32,Charlottesville,540,000900,Locust Grove
51540000600,"Census Tract 6, Charlottesville city, Virginia",2018,730,214,28,29.32,13.08,Charlottesville,540,000600,JPA-Fontaine
51540000800,"Census Tract 8, Charlottesville city, Virginia",2018,101,23,6,22.77,26.09,Charlottesville,540,000800,Greenbrier-Meadows
51540000501,"Census Tract 5.01, Charlottesville city, Virginia",2018,183,44,44,24.04,100,Charlottesville,540,000501,Fifeville-Cherry Avenue
51540000700,"Census Tract 7, Charlottesville city, Virginia",2018,602,184,50,30.56,27.17,Charlottesville,540,000700,Barracks-Rugby
51003010700,"Census Tract 107, Albemarle County, Virginia",2018,205,113,0,55.12,0,NA,NA,NA,NA
51003011400,"Census Tract 114, Albemarle County, Virginia",2018,367,146,14,39.78,9.59,Albemarle,003,011400,Southern Albemarle-Scottsville
51003010903,"Census Tract 109.03, Albemarle County, Virginia",2018,2222,344,32,15.48,9.3,NA,NA,NA,NA
51540001000,"Census Tract 10, Charlottesville city, Virginia",2018,51,16,0,31.37,0,Charlottesville,540,001000,Downtown Area
51003010201,"Census Tract 102.01, Albemarle County, Virginia",2019,251,107,0,42.63,0,Albemarle,003,010201,Charlottesville-Albemarle Airport
51003010202,"Census Tract 102.02, Albemarle County, Virginia",2019,178,63,0,35.39,0,Albemarle,003,010202,Earlysville
51003010401,"Census Tract 104.01, Albemarle County, Virginia",2019,103,45,45,43.69,100,Albemarle,003,010401,Stony Point-Keswick
51003010402,"Census Tract 104.02, Albemarle County, Virginia",2019,74,18,18,24.32,100,Albemarle,003,010402,Village of Rivanna
51003010601,"Census Tract 106.01, Albemarle County, Virginia",2019,89,17,0,19.1,0,NA,NA,NA,NA
51003010602,"Census Tract 106.02, Albemarle County, Virginia",2019,141,51,0,36.17,0,Albemarle,003,010602,Dunlora-Stone Henge
51540000502,"Census Tract 5.02, Charlottesville city, Virginia",2019,61,14,0,22.95,0,Charlottesville,540,000502,Fry's Springs
51540000201,"Census Tract 2.01, Charlottesville city, Virginia",2019,183,76,7,41.53,9.21,Charlottesville,540,000201,Rose Hill-Harris-Venable
51540000202,"Census Tract 2.02, Charlottesville city, Virginia",2019,649,132,14,20.34,10.61,Charlottesville,540,000202,10th & Page-Venable
51540000402,"Census Tract 4.02, Charlottesville city, Virginia",2019,142,114,0,80.28,0,Charlottesville,540,000402,Belmont
51540000302,"Census Tract 3.02, Charlottesville city, Virginia",2019,48,19,0,39.58,0,Charlottesville,540,000302,Woolen Mills
51003010300,"Census Tract 103, Albemarle County, Virginia",2019,384,153,0,39.84,0,NA,NA,NA,NA
51003010902,"Census Tract 109.02, Albemarle County, Virginia",2019,1902,324,34,17.03,10.49,NA,NA,NA,NA
51003010500,"Census Tract 105, Albemarle County, Virginia",2019,61,36,0,59.02,0,NA,NA,NA,NA
51003010800,"Census Tract 108, Albemarle County, Virginia",2019,200,100,0,50,0,NA,NA,NA,NA
51003010901,"Census Tract 109.01, Albemarle County, Virginia",2019,307,66,13,21.5,19.7,Albemarle,003,010901,Old Ivy-Darden School (UVA)
51003011100,"Census Tract 111, Albemarle County, Virginia",2019,362,66,29,18.23,43.94,NA,NA,NA,NA
51003011201,"Census Tract 112.01, Albemarle County, Virginia",2019,249,110,0,44.18,0,Albemarle,003,011201,"Yancey Mills, Batesville"
51003011202,"Census Tract 112.02, Albemarle County, Virginia",2019,150,59,7,39.33,11.86,Albemarle,003,011202,North Garden
51003011301,"Census Tract 113.01, Albemarle County, Virginia",2019,168,123,0,73.21,0,Albemarle,003,011301,"Monticello, Carters Mountain"
51003011302,"Census Tract 113.02, Albemarle County, Virginia",2019,338,93,0,27.51,0,Albemarle,003,011302,"Oak Hill, Southwood"
51003011303,"Census Tract 113.03, Albemarle County, Virginia",2019,131,99,0,75.57,0,Albemarle,003,011303,Avon Street Ext.-Mill Creek
51540000401,"Census Tract 4.01, Charlottesville city, Virginia",2019,175,0,0,0,NA,Charlottesville,540,000401,Ridge St.
51540000900,"Census Tract 9, Charlottesville city, Virginia",2019,103,46,18,44.66,39.13,Charlottesville,540,000900,Locust Grove
51540000600,"Census Tract 6, Charlottesville city, Virginia",2019,690,222,25,32.17,11.26,Charlottesville,540,000600,JPA-Fontaine
51540000800,"Census Tract 8, Charlottesville city, Virginia",2019,94,27,5,28.72,18.52,Charlottesville,540,000800,Greenbrier-Meadows
51540000501,"Census Tract 5.01, Charlottesville city, Virginia",2019,125,27,27,21.6,100,Charlottesville,540,000501,Fifeville-Cherry Avenue
51540000700,"Census Tract 7, Charlottesville city, Virginia",2019,584,198,50,33.9,25.25,Charlottesville,540,000700,Barracks-Rugby
51540001000,"Census Tract 10, Charlottesville city, Virginia",2019,74,12,0,16.22,0,Charlottesville,540,001000,Downtown Area
51003010700,"Census Tract 107, Albemarle County, Virginia",2019,191,112,0,58.64,0,NA,NA,NA,NA
51003011400,"Census Tract 114, Albemarle County, Virginia",2019,316,137,7,43.35,5.11,Albemarle,003,011400,Southern Albemarle-Scottsville
51003010903,"Census Tract 109.03, Albemarle County, Virginia",2019,1999,285,20,14.26,7.02,NA,NA,NA,NA
51003011000,"Census Tract 110, Albemarle County, Virginia",2019,246,84,0,34.15,0,Albemarle,003,011000,Ivy
51003010100,"Census Tract 101, Albemarle County, Virginia",2019,241,28,0,11.62,0,Albemarle,003,010100,Free Union
51540000201,"Census Tract 2.01, Charlottesville city, Virginia",2020,179,90,10,50.28,11.11,Charlottesville,540,000201,Rose Hill-Harris-Venable
51540000202,"Census Tract 2.02, Charlottesville city, Virginia",2020,634,108,2,17.03,1.85,Charlottesville,540,000202,10th & Page-Venable
51540000302,"Census Tract 3.02, Charlottesville city, Virginia",2020,59,33,0,55.93,0,Charlottesville,540,000302,Woolen Mills
51540000401,"Census Tract 4.01, Charlottesville city, Virginia",2020,146,0,0,0,NA,Charlottesville,540,000401,Ridge St.
51540000402,"Census Tract 4.02, Charlottesville city, Virginia",2020,88,70,0,79.55,0,Charlottesville,540,000402,Belmont
51540000501,"Census Tract 5.01, Charlottesville city, Virginia",2020,81,0,0,0,NA,Charlottesville,540,000501,Fifeville-Cherry Avenue
51540000502,"Census Tract 5.02, Charlottesville city, Virginia",2020,132,54,0,40.91,0,Charlottesville,540,000502,Fry's Springs
51540000600,"Census Tract 6, Charlottesville city, Virginia",2020,602,175,18,29.07,10.29,Charlottesville,540,000600,JPA-Fontaine
51540000700,"Census Tract 7, Charlottesville city, Virginia",2020,427,167,45,39.11,26.95,Charlottesville,540,000700,Barracks-Rugby
51540000800,"Census Tract 8, Charlottesville city, Virginia",2020,58,16,2,27.59,12.5,Charlottesville,540,000800,Greenbrier-Meadows
51540000900,"Census Tract 9, Charlottesville city, Virginia",2020,80,66,13,82.5,19.7,Charlottesville,540,000900,Locust Grove
51540001000,"Census Tract 10, Charlottesville city, Virginia",2020,86,10,0,11.63,0,Charlottesville,540,001000,Downtown Area
51003010100,"Census Tract 101, Albemarle County, Virginia",2020,200,25,11,12.5,44,Albemarle,003,010100,Free Union
51003010201,"Census Tract 102.01, Albemarle County, Virginia",2020,276,93,0,33.7,0,Albemarle,003,010201,Charlottesville-Albemarle Airport
51003010202,"Census Tract 102.02, Albemarle County, Virginia",2020,201,46,3,22.89,6.52,Albemarle,003,010202,Earlysville
51003010301,"Census Tract 103.01, Albemarle County, Virginia",2020,76,36,0,47.37,0,Albemarle,003,010301,Berkmar Drive
51003010302,"Census Tract 103.02, Albemarle County, Virginia",2020,94,15,1,15.96,6.67,Albemarle,003,010302,Polo Grounds Road
51003010303,"Census Tract 103.03, Albemarle County, Virginia",2020,160,49,0,30.63,0,Albemarle,003,010303,Hollymead
51003010401,"Census Tract 104.01, Albemarle County, Virginia",2020,126,16,11,12.7,68.75,Albemarle,003,010401,Stony Point-Keswick
51003010402,"Census Tract 104.02, Albemarle County, Virginia",2020,70,0,0,0,NA,Albemarle,003,010402,Village of Rivanna
51003010501,"Census Tract 105.01, Albemarle County, Virginia",2020,38,14,0,36.84,0,Albemarle,003,010501,Darden-Key West
51003010502,"Census Tract 105.02, Albemarle County, Virginia",2020,94,13,0,13.83,0,Albemarle,003,010502,Pantops
51003010602,"Census Tract 106.02, Albemarle County, Virginia",2020,152,64,0,42.11,0,Albemarle,003,010602,Dunlora-Stone Henge
51003010603,"Census Tract 106.03, Albemarle County, Virginia",2020,0,0,0,NA,NA,Albemarle,003,010603,Branchland
51003010604,"Census Tract 106.04, Albemarle County, Virginia",2020,75,9,0,12,0,Albemarle,003,010604,Woodbrook-Carrsbrook
51003010701,"Census Tract 107.01, Albemarle County, Virginia",2020,102,92,0,90.2,0,Albemarle,003,010701,Hydraulic
51003010702,"Census Tract 107.02, Albemarle County, Virginia",2020,105,63,0,60,0,Albemarle,003,010702,Commonwealth-Townwood-Berkmar
51003010801,"Census Tract 108.01, Albemarle County, Virginia",2020,172,72,0,41.86,0,Albemarle,003,010801,Barracks-Hessian Hills
51003010802,"Census Tract 108.02, Albemarle County, Virginia",2020,81,55,0,67.9,0,Albemarle,003,010802,Albemarle High School
51003010901,"Census Tract 109.01, Albemarle County, Virginia",2020,295,62,18,21.02,29.03,Albemarle,003,010901,Old Ivy-Darden School (UVA)
51003010904,"Census Tract 109.04, Albemarle County, Virginia",2020,4435,805,136,18.15,16.89,Albemarle,003,010904,Carr's Hill-McCormick Road (UVA)
51003011000,"Census Tract 110, Albemarle County, Virginia",2020,202,60,0,29.7,0,Albemarle,003,011000,Ivy
51003011101,"Census Tract 111.01, Albemarle County, Virginia",2020,93,0,0,0,NA,Albemarle,003,011101,Crozet-Beaver Creek
51003011102,"Census Tract 111.02, Albemarle County, Virginia",2020,115,66,66,57.39,100,Albemarle,003,011102,Western Ridge-Westhall
51003011103,"Census Tract 111.03, Albemarle County, Virginia",2020,244,73,0,29.92,0,Albemarle,003,011103,Old Trail
51003011201,"Census Tract 112.01, Albemarle County, Virginia",2020,270,82,0,30.37,0,Albemarle,003,011201,"Yancey Mills, Batesville"
51003011202,"Census Tract 112.02, Albemarle County, Virginia",2020,95,12,7,12.63,58.33,Albemarle,003,011202,North Garden
51003011301,"Census Tract 113.01, Albemarle County, Virginia",2020,158,75,0,47.47,0,Albemarle,003,011301,"Monticello, Carters Mountain"
51003011302,"Census Tract 113.02, Albemarle County, Virginia",2020,277,88,0,31.77,0,Albemarle,003,011302,"Oak Hill, Southwood"
51003011303,"Census Tract 113.03, Albemarle County, Virginia",2020,153,91,0,59.48,0,Albemarle,003,011303,Avon Street Ext.-Mill Creek
51003011400,"Census Tract 114, Albemarle County, Virginia",2020,204,89,7,43.63,7.87,Albemarle,003,011400,Southern Albemarle-Scottsville
51003010100,"Census Tract 101, Albemarle County, Virginia",2021,129,21,10,16.28,47.62,Albemarle,003,010100,Free Union
51003010201,"Census Tract 102.01, Albemarle County, Virginia",2021,226,106,0,46.9,0,Albemarle,003,010201,Charlottesville-Albemarle Airport
51003010202,"Census Tract 102.02, Albemarle County, Virginia",2021,144,40,3,27.78,7.5,Albemarle,003,010202,Earlysville
51003010301,"Census Tract 103.01, Albemarle County, Virginia",2021,149,47,0,31.54,0,Albemarle,003,010301,Berkmar Drive
51003010302,"Census Tract 103.02, Albemarle County, Virginia",2021,145,25,8,17.24,32,Albemarle,003,010302,Polo Grounds Road
51003010303,"Census Tract 103.03, Albemarle County, Virginia",2021,124,47,0,37.9,0,Albemarle,003,010303,Hollymead
51003010401,"Census Tract 104.01, Albemarle County, Virginia",2021,126,27,7,21.43,25.93,Albemarle,003,010401,Stony Point-Keswick
51003010402,"Census Tract 104.02, Albemarle County, Virginia",2021,142,28,5,19.72,17.86,Albemarle,003,010402,Village of Rivanna
51003010501,"Census Tract 105.01, Albemarle County, Virginia",2021,45,24,0,53.33,0,Albemarle,003,010501,Darden-Key West
51003010502,"Census Tract 105.02, Albemarle County, Virginia",2021,82,0,0,0,NA,Albemarle,003,010502,Pantops
51003010602,"Census Tract 106.02, Albemarle County, Virginia",2021,153,48,0,31.37,0,Albemarle,003,010602,Dunlora-Stone Henge
51003010603,"Census Tract 106.03, Albemarle County, Virginia",2021,16,0,0,0,NA,Albemarle,003,010603,Branchland
51003010604,"Census Tract 106.04, Albemarle County, Virginia",2021,56,5,0,8.93,0,Albemarle,003,010604,Woodbrook-Carrsbrook
51003010701,"Census Tract 107.01, Albemarle County, Virginia",2021,73,64,0,87.67,0,Albemarle,003,010701,Hydraulic
51003010702,"Census Tract 107.02, Albemarle County, Virginia",2021,63,34,0,53.97,0,Albemarle,003,010702,Commonwealth-Townwood-Berkmar
51003010801,"Census Tract 108.01, Albemarle County, Virginia",2021,175,72,0,41.14,0,Albemarle,003,010801,Barracks-Hessian Hills
51003010802,"Census Tract 108.02, Albemarle County, Virginia",2021,64,47,0,73.44,0,Albemarle,003,010802,Albemarle High School
51003010901,"Census Tract 109.01, Albemarle County, Virginia",2021,227,26,2,11.45,7.69,Albemarle,003,010901,Old Ivy-Darden School (UVA)
51003010904,"Census Tract 109.04, Albemarle County, Virginia",2021,4919,936,104,19.03,11.11,Albemarle,003,010904,Carr's Hill-McCormick Road (UVA)
51003011000,"Census Tract 110, Albemarle County, Virginia",2021,183,77,0,42.08,0,Albemarle,003,011000,Ivy
51003011101,"Census Tract 111.01, Albemarle County, Virginia",2021,32,0,0,0,NA,Albemarle,003,011101,Crozet-Beaver Creek
51003011102,"Census Tract 111.02, Albemarle County, Virginia",2021,89,31,31,34.83,100,Albemarle,003,011102,Western Ridge-Westhall
51003011103,"Census Tract 111.03, Albemarle County, Virginia",2021,276,68,0,24.64,0,Albemarle,003,011103,Old Trail
51003011201,"Census Tract 112.01, Albemarle County, Virginia",2021,308,88,0,28.57,0,Albemarle,003,011201,"Yancey Mills, Batesville"
51003011202,"Census Tract 112.02, Albemarle County, Virginia",2021,82,12,7,14.63,58.33,Albemarle,003,011202,North Garden
51003011301,"Census Tract 113.01, Albemarle County, Virginia",2021,167,96,0,57.49,0,Albemarle,003,011301,"Monticello, Carters Mountain"
51003011302,"Census Tract 113.02, Albemarle County, Virginia",2021,171,57,0,33.33,0,Albemarle,003,011302,"Oak Hill, Southwood"
51003011303,"Census Tract 113.03, Albemarle County, Virginia",2021,142,50,0,35.21,0,Albemarle,003,011303,Avon Street Ext.-Mill Creek
51003011400,"Census Tract 114, Albemarle County, Virginia",2021,169,41,0,24.26,0,Albemarle,003,011400,Southern Albemarle-Scottsville
51540000201,"Census Tract 2.01, Charlottesville city, Virginia",2021,203,71,0,34.98,0,Charlottesville,540,000201,Rose Hill-Harris-Venable
51540000202,"Census Tract 2.02, Charlottesville city, Virginia",2021,591,110,23,18.61,20.91,Charlottesville,540,000202,10th & Page-Venable
51540000302,"Census Tract 3.02, Charlottesville city, Virginia",2021,98,38,0,38.78,0,Charlottesville,540,000302,Woolen Mills
51540000401,"Census Tract 4.01, Charlottesville city, Virginia",2021,152,11,0,7.24,0,Charlottesville,540,000401,Ridge St.
51540000402,"Census Tract 4.02, Charlottesville city, Virginia",2021,167,146,0,87.43,0,Charlottesville,540,000402,Belmont
51540000501,"Census Tract 5.01, Charlottesville city, Virginia",2021,78,0,0,0,NA,Charlottesville,540,000501,Fifeville-Cherry Avenue
51540000502,"Census Tract 5.02, Charlottesville city, Virginia",2021,113,61,0,53.98,0,Charlottesville,540,000502,Fry's Springs
51540000600,"Census Tract 6, Charlottesville city, Virginia",2021,588,210,10,35.71,4.76,Charlottesville,540,000600,JPA-Fontaine
51540000700,"Census Tract 7, Charlottesville city, Virginia",2021,422,141,21,33.41,14.89,Charlottesville,540,000700,Barracks-Rugby
51540000800,"Census Tract 8, Charlottesville city, Virginia",2021,69,23,3,33.33,13.04,Charlottesville,540,000800,Greenbrier-Meadows
51540000900,"Census Tract 9, Charlottesville city, Virginia",2021,75,23,0,30.67,0,Charlottesville,540,000900,Locust Grove
51540001000,"Census Tract 10, Charlottesville city, Virginia",2021,61,5,0,8.2,0,Charlottesville,540,001000,Downtown Area
51003010100,Census Tract 101; Albemarle County; Virginia,2022,177,43,29,24.29,67.44,Albemarle,003,010100,Free Union
51003010201,Census Tract 102.01; Albemarle County; Virginia,2022,284,155,0,54.58,0,Albemarle,003,010201,Charlottesville-Albemarle Airport
51003010202,Census Tract 102.02; Albemarle County; Virginia,2022,232,91,5,39.22,5.49,Albemarle,003,010202,Earlysville
51003010301,Census Tract 103.01; Albemarle County; Virginia,2022,234,101,0,43.16,0,Albemarle,003,010301,Berkmar Drive
51003010302,Census Tract 103.02; Albemarle County; Virginia,2022,168,60,9,35.71,15,Albemarle,003,010302,Polo Grounds Road
51003010303,Census Tract 103.03; Albemarle County; Virginia,2022,138,52,0,37.68,0,Albemarle,003,010303,Hollymead
51003010401,Census Tract 104.01; Albemarle County; Virginia,2022,162,46,0,28.4,0,Albemarle,003,010401,Stony Point-Keswick
51003010402,Census Tract 104.02; Albemarle County; Virginia,2022,169,44,14,26.04,31.82,Albemarle,003,010402,Village of Rivanna
51003010501,Census Tract 105.01; Albemarle County; Virginia,2022,74,36,0,48.65,0,Albemarle,003,010501,Darden-Key West
51003010502,Census Tract 105.02; Albemarle County; Virginia,2022,96,8,0,8.33,0,Albemarle,003,010502,Pantops
51003010602,Census Tract 106.02; Albemarle County; Virginia,2022,191,70,0,36.65,0,Albemarle,003,010602,Dunlora-Stone Henge
51003010603,Census Tract 106.03; Albemarle County; Virginia,2022,9,0,0,0,NA,Albemarle,003,010603,Branchland
51003010604,Census Tract 106.04; Albemarle County; Virginia,2022,135,23,0,17.04,0,Albemarle,003,010604,Woodbrook-Carrsbrook
51003010701,Census Tract 107.01; Albemarle County; Virginia,2022,74,70,0,94.59,0,Albemarle,003,010701,Hydraulic
51003010702,Census Tract 107.02; Albemarle County; Virginia,2022,81,11,0,13.58,0,Albemarle,003,010702,Commonwealth-Townwood-Berkmar
51003010801,Census Tract 108.01; Albemarle County; Virginia,2022,88,53,0,60.23,0,Albemarle,003,010801,Barracks-Hessian Hills
51003010802,Census Tract 108.02; Albemarle County; Virginia,2022,58,44,0,75.86,0,Albemarle,003,010802,Albemarle High School
51003010901,Census Tract 109.01; Albemarle County; Virginia,2022,354,54,1,15.25,1.85,Albemarle,003,010901,Old Ivy-Darden School (UVA)
51003010904,Census Tract 109.04; Albemarle County; Virginia,2022,4824,989,91,20.5,9.2,Albemarle,003,010904,Carr's Hill-McCormick Road (UVA)
51003011000,Census Tract 110; Albemarle County; Virginia,2022,246,57,0,23.17,0,Albemarle,003,011000,Ivy
51003011101,Census Tract 111.01; Albemarle County; Virginia,2022,19,0,0,0,NA,Albemarle,003,011101,Crozet-Beaver Creek
51003011102,Census Tract 111.02; Albemarle County; Virginia,2022,311,170,47,54.66,27.65,Albemarle,003,011102,Western Ridge-Westhall
51003011103,Census Tract 111.03; Albemarle County; Virginia,2022,356,121,0,33.99,0,Albemarle,003,011103,Old Trail
51003011201,Census Tract 112.01; Albemarle County; Virginia,2022,315,117,0,37.14,0,Albemarle,003,011201,"Yancey Mills, Batesville"
51003011202,Census Tract 112.02; Albemarle County; Virginia,2022,116,44,11,37.93,25,Albemarle,003,011202,North Garden
51003011301,Census Tract 113.01; Albemarle County; Virginia,2022,182,137,0,75.27,0,Albemarle,003,011301,"Monticello, Carters Mountain"
51003011302,Census Tract 113.02; Albemarle County; Virginia,2022,170,65,0,38.24,0,Albemarle,003,011302,"Oak Hill, Southwood"
51003011303,Census Tract 113.03; Albemarle County; Virginia,2022,120,32,0,26.67,0,Albemarle,003,011303,Avon Street Ext.-Mill Creek
51003011400,Census Tract 114; Albemarle County; Virginia,2022,165,65,0,39.39,0,Albemarle,003,011400,Southern Albemarle-Scottsville
51540000201,Census Tract 2.01; Charlottesville city; Virginia,2022,259,121,4,46.72,3.31,Charlottesville,540,000201,Rose Hill-Harris-Venable
51540000202,Census Tract 2.02; Charlottesville city; Virginia,2022,551,106,33,19.24,31.13,Charlottesville,540,000202,10th & Page-Venable
51540000302,Census Tract 3.02; Charlottesville city; Virginia,2022,91,36,0,39.56,0,Charlottesville,540,000302,Woolen Mills
51540000401,Census Tract 4.01; Charlottesville city; Virginia,2022,89,14,0,15.73,0,Charlottesville,540,000401,Ridge St.
51540000402,Census Tract 4.02; Charlottesville city; Virginia,2022,175,160,9,91.43,5.62,Charlottesville,540,000402,Belmont
51540000501,Census Tract 5.01; Charlottesville city; Virginia,2022,14,0,0,0,NA,Charlottesville,540,000501,Fifeville-Cherry Avenue
51540000502,Census Tract 5.02; Charlottesville city; Virginia,2022,127,53,0,41.73,0,Charlottesville,540,000502,Fry's Springs
51540000600,Census Tract 6; Charlottesville city; Virginia,2022,488,189,8,38.73,4.23,Charlottesville,540,000600,JPA-Fontaine
51540000700,Census Tract 7; Charlottesville city; Virginia,2022,446,131,19,29.37,14.5,Charlottesville,540,000700,Barracks-Rugby
51540000800,Census Tract 8; Charlottesville city; Virginia,2022,66,37,0,56.06,0,Charlottesville,540,000800,Greenbrier-Meadows
51540000900,Census Tract 9; Charlottesville city; Virginia,2022,65,23,0,35.38,0,Charlottesville,540,000900,Locust Grove
51540001000,Census Tract 10; Charlottesville city; Virginia,2022,75,26,0,34.67,0,Charlottesville,540,001000,Downtown Area
51003010100,Census Tract 101; Albemarle County; Virginia,2023,137,22,15,16.06,68.18,Albemarle,003,010100,Free Union
51003010201,Census Tract 102.01; Albemarle County; Virginia,2023,205,102,0,49.76,0,Albemarle,003,010201,Charlottesville-Albemarle Airport
51003010202,Census Tract 102.02; Albemarle County; Virginia,2023,159,69,6,43.4,8.7,Albemarle,003,010202,Earlysville
51003010301,Census Tract 103.01; Albemarle County; Virginia,2023,198,87,0,43.94,0,Albemarle,003,010301,Berkmar Drive
51003010302,Census Tract 103.02; Albemarle County; Virginia,2023,129,47,8,36.43,17.02,Albemarle,003,010302,Polo Grounds Road
51003010303,Census Tract 103.03; Albemarle County; Virginia,2023,126,72,0,57.14,0,Albemarle,003,010303,Hollymead
51003010401,Census Tract 104.01; Albemarle County; Virginia,2023,185,48,0,25.95,0,Albemarle,003,010401,Stony Point-Keswick
51003010402,Census Tract 104.02; Albemarle County; Virginia,2023,162,37,5,22.84,13.51,Albemarle,003,010402,Village of Rivanna
51003010501,Census Tract 105.01; Albemarle County; Virginia,2023,47,32,0,68.09,0,Albemarle,003,010501,Darden-Key West
51003010502,Census Tract 105.02; Albemarle County; Virginia,2023,114,7,0,6.14,0,Albemarle,003,010502,Pantops
51003010602,Census Tract 106.02; Albemarle County; Virginia,2023,178,46,0,25.84,0,Albemarle,003,010602,Dunlora-Stone Henge
51003010603,Census Tract 106.03; Albemarle County; Virginia,2023,16,0,0,0,NA,Albemarle,003,010603,Branchland
51003010604,Census Tract 106.04; Albemarle County; Virginia,2023,106,27,0,25.47,0,Albemarle,003,010604,Woodbrook-Carrsbrook
51003010701,Census Tract 107.01; Albemarle County; Virginia,2023,104,87,0,83.65,0,Albemarle,003,010701,Hydraulic
51003010702,Census Tract 107.02; Albemarle County; Virginia,2023,80,5,0,6.25,0,Albemarle,003,010702,Commonwealth-Townwood-Berkmar
51003010801,Census Tract 108.01; Albemarle County; Virginia,2023,97,47,0,48.45,0,Albemarle,003,010801,Barracks-Hessian Hills
51003010802,Census Tract 108.02; Albemarle County; Virginia,2023,46,39,0,84.78,0,Albemarle,003,010802,Albemarle High School
51003010901,Census Tract 109.01; Albemarle County; Virginia,2023,497,137,2,27.57,1.46,Albemarle,003,010901,Old Ivy-Darden School (UVA)
51003010904,Census Tract 109.04; Albemarle County; Virginia,2023,4698,1009,165,21.48,16.35,Albemarle,003,010904,Carr's Hill-McCormick Road (UVA)
51003011000,Census Tract 110; Albemarle County; Virginia,2023,208,35,0,16.83,0,Albemarle,003,011000,Ivy
51003011101,Census Tract 111.01; Albemarle County; Virginia,2023,71,0,0,0,NA,Albemarle,003,011101,Crozet-Beaver Creek
51003011102,Census Tract 111.02; Albemarle County; Virginia,2023,173,45,7,26.01,15.56,Albemarle,003,011102,Western Ridge-Westhall
51003011103,Census Tract 111.03; Albemarle County; Virginia,2023,304,126,0,41.45,0,Albemarle,003,011103,Old Trail
51003011201,Census Tract 112.01; Albemarle County; Virginia,2023,285,103,0,36.14,0,Albemarle,003,011201,"Yancey Mills, Batesville"
51003011202,Census Tract 112.02; Albemarle County; Virginia,2023,73,12,0,16.44,0,Albemarle,003,011202,North Garden
51003011301,Census Tract 113.01; Albemarle County; Virginia,2023,143,96,0,67.13,0,Albemarle,003,011301,"Monticello, Carters Mountain"
51003011302,Census Tract 113.02; Albemarle County; Virginia,2023,159,55,0,34.59,0,Albemarle,003,011302,"Oak Hill, Southwood"
51003011303,Census Tract 113.03; Albemarle County; Virginia,2023,143,37,0,25.87,0,Albemarle,003,011303,Avon Street Ext.-Mill Creek
51003011400,Census Tract 114; Albemarle County; Virginia,2023,113,21,0,18.58,0,Albemarle,003,011400,Southern Albemarle-Scottsville
51540000201,Census Tract 2.01; Charlottesville city; Virginia,2023,242,110,11,45.45,10,Charlottesville,540,000201,Rose Hill-Harris-Venable
51540000202,Census Tract 2.02; Charlottesville city; Virginia,2023,525,110,33,20.95,30,Charlottesville,540,000202,10th & Page-Venable
51540000302,Census Tract 3.02; Charlottesville city; Virginia,2023,109,45,0,41.28,0,Charlottesville,540,000302,Woolen Mills
51540000401,Census Tract 4.01; Charlottesville city; Virginia,2023,93,12,0,12.9,0,Charlottesville,540,000401,Ridge St.
51540000402,Census Tract 4.02; Charlottesville city; Virginia,2023,204,168,11,82.35,6.55,Charlottesville,540,000402,Belmont
51540000501,Census Tract 5.01; Charlottesville city; Virginia,2023,8,0,0,0,NA,Charlottesville,540,000501,Fifeville-Cherry Avenue
51540000502,Census Tract 5.02; Charlottesville city; Virginia,2023,106,48,0,45.28,0,Charlottesville,540,000502,Fry's Springs
51540000600,Census Tract 6; Charlottesville city; Virginia,2023,553,247,14,44.67,5.67,Charlottesville,540,000600,JPA-Fontaine
51540000700,Census Tract 7; Charlottesville city; Virginia,2023,497,148,20,29.78,13.51,Charlottesville,540,000700,Barracks-Rugby
51540000800,Census Tract 8; Charlottesville city; Virginia,2023,67,45,0,67.16,0,Charlottesville,540,000800,Greenbrier-Meadows
51540000900,Census Tract 9; Charlottesville city; Virginia,2023,74,20,0,27.03,0,Charlottesville,540,000900,Locust Grove
51540001000,Census Tract 10; Charlottesville city; Virginia,2023,63,10,0,15.87,0,Charlottesville,540,001000,Downtown Area
51003010100,Census Tract 101; Albemarle County; Virginia,2024,92,16,16,17.39,100,Albemarle,003,010100,Free Union
51003010201,Census Tract 102.01; Albemarle County; Virginia,2024,217,126,0,58.06,0,Albemarle,003,010201,Charlottesville-Albemarle Airport
51003010202,Census Tract 102.02; Albemarle County; Virginia,2024,141,59,8,41.84,13.56,Albemarle,003,010202,Earlysville
51003010301,Census Tract 103.01; Albemarle County; Virginia,2024,245,123,10,50.2,8.13,Albemarle,003,010301,Berkmar Drive
51003010302,Census Tract 103.02; Albemarle County; Virginia,2024,90,33,8,36.67,24.24,Albemarle,003,010302,Polo Grounds Road
51003010303,Census Tract 103.03; Albemarle County; Virginia,2024,191,56,0,29.32,0,Albemarle,003,010303,Hollymead
51003010401,Census Tract 104.01; Albemarle County; Virginia,2024,232,68,0,29.31,0,Albemarle,003,010401,Stony Point-Keswick
51003010402,Census Tract 104.02; Albemarle County; Virginia,2024,181,82,14,45.3,17.07,Albemarle,003,010402,Village of Rivanna
51003010501,Census Tract 105.01; Albemarle County; Virginia,2024,59,33,0,55.93,0,Albemarle,003,010501,Darden-Key West
51003010502,Census Tract 105.02; Albemarle County; Virginia,2024,124,7,0,5.65,0,Albemarle,003,010502,Pantops
51003010602,Census Tract 106.02; Albemarle County; Virginia,2024,156,61,0,39.1,0,Albemarle,003,010602,Dunlora-Stone Henge
51003010603,Census Tract 106.03; Albemarle County; Virginia,2024,49,22,0,44.9,0,Albemarle,003,010603,Branchland
51003010604,Census Tract 106.04; Albemarle County; Virginia,2024,80,14,0,17.5,0,Albemarle,003,010604,Woodbrook-Carrsbrook
51003010701,Census Tract 107.01; Albemarle County; Virginia,2024,91,66,0,72.53,0,Albemarle,003,010701,Hydraulic
51003010702,Census Tract 107.02; Albemarle County; Virginia,2024,67,14,0,20.9,0,Albemarle,003,010702,Commonwealth-Townwood-Berkmar
51003010801,Census Tract 108.01; Albemarle County; Virginia,2024,107,93,21,86.92,22.58,Albemarle,003,010801,Barracks-Hessian Hills
51003010802,Census Tract 108.02; Albemarle County; Virginia,2024,64,55,0,85.94,0,Albemarle,003,010802,Albemarle High School
51003010901,Census Tract 109.01; Albemarle County; Virginia,2024,602,156,8,25.91,5.13,Albemarle,003,010901,Old Ivy-Darden School (UVA)
51003010904,Census Tract 109.04; Albemarle County; Virginia,2024,4543,971,174,21.37,17.92,Albemarle,003,010904,Carr's Hill-McCormick Road (UVA)
51003011000,Census Tract 110; Albemarle County; Virginia,2024,201,33,0,16.42,0,Albemarle,003,011000,Ivy
51003011101,Census Tract 111.01; Albemarle County; Virginia,2024,84,0,0,0,NA,Albemarle,003,011101,Crozet-Beaver Creek
51003011102,Census Tract 111.02; Albemarle County; Virginia,2024,200,48,0,24,0,Albemarle,003,011102,Western Ridge-Westhall
51003011103,Census Tract 111.03; Albemarle County; Virginia,2024,278,91,0,32.73,0,Albemarle,003,011103,Old Trail
51003011201,Census Tract 112.01; Albemarle County; Virginia,2024,281,92,0,32.74,0,Albemarle,003,011201,"Yancey Mills, Batesville"
51003011202,Census Tract 112.02; Albemarle County; Virginia,2024,87,42,0,48.28,0,Albemarle,003,011202,North Garden
51003011301,Census Tract 113.01; Albemarle County; Virginia,2024,199,102,0,51.26,0,Albemarle,003,011301,"Monticello, Carters Mountain"
51003011302,Census Tract 113.02; Albemarle County; Virginia,2024,106,31,0,29.25,0,Albemarle,003,011302,"Oak Hill, Southwood"
51003011303,Census Tract 113.03; Albemarle County; Virginia,2024,166,39,0,23.49,0,Albemarle,003,011303,Avon Street Ext.-Mill Creek
51003011400,Census Tract 114; Albemarle County; Virginia,2024,106,8,0,7.55,0,Albemarle,003,011400,Southern Albemarle-Scottsville
51540000201,Census Tract 2.01; Charlottesville city; Virginia,2024,206,92,15,44.66,16.3,Charlottesville,540,000201,Rose Hill-Harris-Venable
51540000202,Census Tract 2.02; Charlottesville city; Virginia,2024,473,101,31,21.35,30.69,Charlottesville,540,000202,10th & Page-Venable
51540000302,Census Tract 3.02; Charlottesville city; Virginia,2024,109,57,0,52.29,0,Charlottesville,540,000302,Woolen Mills
51540000401,Census Tract 4.01; Charlottesville city; Virginia,2024,187,34,0,18.18,0,Charlottesville,540,000401,Ridge St.
51540000402,Census Tract 4.02; Charlottesville city; Virginia,2024,140,116,12,82.86,10.34,Charlottesville,540,000402,Belmont
51540000501,Census Tract 5.01; Charlottesville city; Virginia,2024,12,0,0,0,NA,Charlottesville,540,000501,Fifeville-Cherry Avenue
51540000502,Census Tract 5.02; Charlottesville city; Virginia,2024,106,49,0,46.23,0,Charlottesville,540,000502,Fry's Springs
51540000600,Census Tract 6; Charlottesville city; Virginia,2024,576,227,10,39.41,4.41,Charlottesville,540,000600,JPA-Fontaine
51540000700,Census Tract 7; Charlottesville city; Virginia,2024,411,90,3,21.9,3.33,Charlottesville,540,000700,Barracks-Rugby
51540000800,Census Tract 8; Charlottesville city; Virginia,2024,85,38,0,44.71,0,Charlottesville,540,000800,Greenbrier-Meadows
51540000900,Census Tract 9; Charlottesville city; Virginia,2024,72,0,0,0,NA,Charlottesville,540,000900,Locust Grove
51540001000,Census Tract 10; Charlottesville city; Virginia,2024,23,9,0,39.13,0,Charlottesville,540,001000,Downtown Area
